X,Y,ID,ELEV
469167.054536137,6831642.41582323,372,1650.000
469262.856554714,6831831.01841319,372,1650.000
469391.604985746,6832044.63939911,372,1650.000
469540.195991981,6832292.72940058,372,1650.000
469616.346220042,6832474.41033601,372,1650.000
469728.628446888,6832755.24056217,372,1650.000
469841.359783662,6832941.66459365,372,1650.000
470016.926250548,6833216.8927819,372,1650.000
470065.473157116,6833312.03546906,372,1650.000
470289.083672995,6833629.52404031,372,1650.000
470364.685719003,6833678.05736947,372,1650.000
470511.164047116,6833772.73064004,372,1650.000
470237.248019314,6837856.68042545,122,900.000
470324.587696148,6837752.77805128,122,900.000
470339.70628874,6837855.79692833,122,900.000
460769.706691853,6831670.89921488,235,1900.000
460966.757443635,6831450.64118618,235,1900.000
460987.682444639,6831403.51761979,235,1900.000
461207.682717466,6831313.38124028,235,1900.000
461428.906074283,6831331.77207598,235,1900.000
461650.496537383,6831383.4713606,235,1900.000
461699.196747814,6831442.44142687,235,1900.000
461876.331171732,6831820.26634553,235,1900.000
461894.938933438,6831904.45758381,235,1900.000
461894.16907198,6832368.64758805,235,1900.000
461882.6168189,6832389.63720169,235,1900.000
461663.984758674,6832598.24131155,235,1900.000
461444.390526908,6832718.33092969,235,1900.000
461254.284579931,6832839.95199752,235,1900.000
461224.904638379,6832846.7288659,235,1900.000
461004.903713089,6832928.10990744,235,1900.000
460785.315727922,6833044.95460043,235,1900.000
469872.129457832,6836463.04268897,123,950.000
469882.196963434,6836467.25259667,123,950.000
469872.843051014,6836544.69609585,123,950.000
469856.405668452,6836467.47801514,123,950.000
469872.129457832,6836463.04268897,123,950.000
460829.059621853,6836894.8562396,235,1900.000
461048.775803965,6836811.20095452,235,1900.000
461269.463444456,6836813.08354265,235,1900.000
461491.54832441,6836940.08504394,235,1900.000
461712.755934975,6836989.60695155,235,1900.000
461932.815468576,6836935.78232369,235,1900.000
462153.248995214,6836915.42337932,235,1900.000
462372.611645245,6836796.75689891,235,1900.000
462436.161473588,6836540.345999,235,1900.000
462365.15967835,6836114.07178985,235,1900.000
462348.991159421,6836077.11366035,235,1900.000
462140.143618706,6835721.80741906,235,1900.000
462080.493519127,6835615.8725724,235,1900.000
462134.037233325,6835165.60683346,235,1900.000
462150.858350248,6835150.91648723,235,1900.000
462353.954579927,6835087.4828978,235,1900.000
462574.044264061,6835024.35245648,235,1900.000
462795.969035044,6835130.63533472,235,1900.000
462811.512875782,6835143.7300408,235,1900.000
463018.780311181,6835320.89527499,235,1900.000
463241.913874405,6835543.7065265,235,1900.000
463261.02294376,6835603.09371948,235,1900.000
463436.655316373,6836065.4080575,235,1900.000
463469.157241222,6836157.13252171,235,1900.000
463612.084192936,6836527.73313722,235,1900.000
463696.243315317,6836763.08080971,235,1900.000
463783.500104151,6836990.10895875,235,1900.000
463848.11243092,6837453.61174379,235,1900.000
463927.477534268,6837772.68873653,235,1900.000
465629.722206433,6837435.38231077,235,1900.000
465687.8479577,6837328.42897552,235,1900.000
465905.630783329,6837040.9918509,235,1900.000
465951.855431936,6836968.00721478,235,1900.000
466122.728084362,6836680.0811419,235,1900.000
466343.053034622,6836645.04375016,235,1900.000
466563.380998701,6836609.88708316,235,1900.000
466665.267842108,6836496.85790962,235,1900.000
466779.970488452,6836186.30040798,235,1900.000
466811.174242094,6836031.27481983,235,1900.000
466775.498570422,6835722.16831152,235,1900.000
466755.614888811,6835567.63493604,235,1900.000
466551.422510863,6835376.93287977,235,1900.000
466329.020378464,6835207.71442826,235,1900.000
466125.692183738,6835109.58905114,235,1900.000
466107.212192532,6835101.17474496,235,1900.000
462794.091752518,6837464.8301814,287,1400.000
465884.463766653,6834900.97745792,235,1900.000
464796.69509898,6836481.87760788,126,2200.000
462820.311471047,6837387.1833498,287,1400.000
465777.381880364,6834648.85119545,235,1900.000
464576.186426182,6836498.74543371,126,2200.000
463040.371014898,6837334.29298244,287,1400.000
465789.047562721,6834184.55959998,235,1900.000
464565.617352692,6836517.80014912,126,2200.000
463094.451262007,6837461.60046594,287,1400.000
465876.631212884,6834108.99738607,235,1900.000
464576.942173437,6836572.29309853,126,2200.000
466096.330857558,6833993.75786559,235,1900.000
464799.881451536,6836793.90758987,126,2200.000
466315.702749803,6833843.46199565,235,1900.000
464830.136216104,6836515.09138361,126,2200.000
466507.68210047,6833713.33469236,235,1900.000
464796.69509898,6836481.87760788,126,2200.000
466312.655831212,6833531.31477268,235,1900.000
466089.230489018,6833271.08214747,235,1900.000
466071.386056813,6833253.42178926,235,1900.000
465865.337100571,6832966.91220855,235,1900.000
465782.218227423,6832792.10137693,235,1900.000
465641.574529636,6832679.8227694,235,1900.000
465419.89183771,6832604.07970191,235,1900.000
465200.418804866,6832748.53678074,235,1900.000
465062.85747521,6832799.30662472,235,1900.000
464980.114352599,6832809.24353076,235,1900.000
464924.798463097,6832800.70659574,235,1900.000
464347.25617172,6835700.91126773,129,2200.000
464809.620805244,6832337.70233866,235,1900.000
464240.582659005,6836056.97662299,129,2200.000
464887.748174418,6831872.73095444,235,1900.000
464352.125425243,6836171.86646384,129,2200.000
464821.408825057,6831409.23028248,235,1900.000
464398.741077135,6836055.33995631,129,2200.000
464744.311923886,6831350.96927966,235,1900.000
464347.25617172,6835700.91126773,129,2200.000
464521.462821302,6831171.94816511,235,1900.000
464298.795842093,6831012.79562038,235,1900.000
464150.809327316,6830951.94873733,235,1900.000
464076.792199703,6830919.42226042,235,1900.000
463855.536331225,6830898.69335159,235,1900.000
463634.463286596,6830895.61635917,235,1900.000
463413.530588543,6830905.86072963,235,1900.000
463192.375261196,6830895.11917478,235,1900.000
462971.29025863,6830891.09909158,235,1900.000
462749.633694511,6830834.15088694,235,1900.000
462526.905111893,6830679.07019084,235,1900.000
462488.177063615,6830505.42318975,235,1900.000
462524.274634994,6830436.54600761,235,1900.000
462742.484702942,6830171.11530601,235,1900.000
462855.156409253,6830037.27992458,235,1900.000
462959.141944664,6829757.65692276,235,1900.000
463006.285881724,6829571.48083705,235,1900.000
464921.273324869,6829551.51496383,235,1900.000
464947.30227045,6829574.29500609,235,1900.000
468868.37975691,6837868.77645725,287,1400.000
465170.079486847,6829738.40308411,235,1900.000
468868.566006504,6837404.60191501,287,1400.000
465391.87502837,6829806.60714099,235,1900.000
468869.194143578,6836940.42367354,287,1400.000
465613.226977985,6829831.13806126,235,1900.000
468824.486929809,6836476.65540387,287,1400.000
465834.800501369,6829878.43205569,235,1900.000
468767.202727439,6836292.69520432,287,1400.000
466056.02444313,6829890.78296007,235,1900.000
468674.47490124,6836013.84296521,287,1400.000
466276.367864273,6829813.09263219,235,1900.000
468540.950279624,6835682.80902789,287,1400.000
466495.531227463,6829612.67655569,235,1900.000
468480.153106449,6835551.44157386,287,1400.000
468315.451569435,6835163.472956,287,1400.000
468286.412591958,6835089.04546258,287,1400.000
468112.853898832,6834626.4733031,287,1400.000
468201.884625072,6834161.47964506,287,1400.000
468081.400608566,6833726.72347605,287,1400.000
468072.836730253,6833698.49954611,287,1400.000
467857.104387399,6833357.06862442,287,1400.000
461695.445602795,6835431.16813145,133,2150.000
467769.554253822,6833237.14673148,287,1400.000
461472.841354663,6835265.5428392,133,2150.000
467631.802820805,6832885.26146983,287,1400.000
461336.693387814,6835624.1315238,133,2150.000
467558.229269977,6832774.95448363,287,1400.000
461449.146436759,6836087.05730776,133,2150.000
467407.952330268,6832573.57635069,287,1400.000
461482.300165723,6836112.27176821,133,2150.000
467184.930349328,6832353.28666347,287,1400.000
461703.222796314,6836131.3695928,133,2150.000
467153.40384669,6832314.61013995,287,1400.000
461751.32470458,6836083.69192245,133,2150.000
466960.689047715,6832008.53242671,287,1400.000
461745.891101028,6835619.56805084,133,2150.000
466880.939384015,6831853.04029545,287,1400.000
461695.445602795,6835431.16813145,133,2150.000
466735.929863662,6831614.61152387,287,1400.000
463904.460469617,6835573.83857591,134,2250.000
466512.920009464,6831406.34162318,287,1400.000
463878.209651108,6835596.57376052,134,2250.000
466470.013879678,6831392.83269218,287,1400.000
463904.818001323,6835607.99716985,134,2250.000
466290.621295071,6831273.70042511,287,1400.000
464070.232320119,6835594.56776552,134,2250.000
466068.389177854,6831149.59760205,287,1400.000
463904.460469617,6835573.83857591,134,2250.000
465845.288543423,6830939.28661656,287,1400.000
465840.823720258,6830934.82422264,287,1400.000
465845.160560213,6830926.34182226,287,1400.000
466064.709290954,6830774.97395071,287,1400.000
466285.098538756,6830707.78226712,287,1400.000
466505.590697719,6830650.35119313,287,1400.000
466726.025307154,6830586.21372458,287,1400.000
466946.331515875,6830507.82888537,287,1400.000
467014.722732443,6830459.24455474,287,1400.000
467164.925070657,6830248.18827473,287,1400.000
467242.469310083,6829992.90704314,287,1400.000
461248.004020803,6834903.06185852,137,2150.000
461177.319428658,6835161.7370793,137,2150.000
461252.480862013,6835301.55392679,137,2150.000
461351.239013408,6835159.78385257,137,2150.000
461248.004020803,6834903.06185852,137,2150.000
460768.375370863,6831553.69631822,236,1950.000
460859.484852527,6831451.8551595,236,1950.000
460985.034874568,6831169.11180492,236,1950.000
461198.455850482,6830983.84822778,236,1950.000
461203.941039997,6830980.21599014,236,1950.000
461424.297993596,6830919.10900758,236,1950.000
461644.96049269,6830884.85049839,236,1950.000
461866.759627484,6830953.19735852,236,1950.000
461902.37766729,6830976.01340775,236,1950.000
461961.650881303,6831439.5410214,236,1950.000
462097.815600749,6831865.81858599,236,1950.000
462113.453227693,6831902.05333935,236,1950.000
462099.030168594,6831976.48056451,236,1950.000
462041.450852647,6832367.02525882,236,1950.000
461885.495444434,6832650.38169805,236,1950.000
461684.056553846,6832835.15509054,236,1950.000
461666.723546637,6832844.88551197,236,1950.000
461446.350030086,6832893.78349149,236,1950.000
461225.809709783,6832927.30607397,236,1950.000
461005.749349441,6833002.9687022,236,1950.000
463701.16686878,6835134.25255663,139,2200.000
460786.337569135,6833134.90118239,236,1950.000
463678.27776499,6835057.13017549,139,2200.000
463675.588446979,6835134.52183922,139,2200.000
463632.479608101,6835599.15641621,139,2200.000
463684.862841518,6835682.45633367,139,2200.000
463906.859178469,6835803.00942955,139,2200.000
464129.227197181,6835960.80528679,139,2200.000
464329.469295083,6835591.87656896,139,2200.000
464122.125415236,6835278.12757783,139,2200.000
463900.542833603,6835199.54100716,139,2200.000
463701.16686878,6835134.25255663,139,2200.000
468968.639004652,6829976.97573353,287,1400.000
468932.219114154,6830102.00480646,287,1400.000
468804.774667325,6830442.61933697,287,1400.000
468717.890138404,6830848.06476388,287,1400.000
468707.036432001,6830907.67189078,287,1400.000
468721.128466984,6831371.71327996,287,1400.000
468722.674654011,6831376.43569822,287,1400.000
468887.982731489,6831834.37534346,287,1400.000
468948.82639366,6831949.06972274,287,1400.000
460798.335346738,6834190.9427258,236,1950.000
461309.634931215,6834696.06588597,141,2100.000
469165.069190137,6832296.05905958,287,1400.000
460831.883296042,6834237.27215978,236,1950.000
461241.124467802,6834290.67371503,141,2100.000
469173.023249175,6832310.96123048,287,1400.000
460802.883737038,6834591.26630384,236,1950.000
461022.92584577,6834523.3918007,141,2100.000
469384.123751437,6832758.27861402,287,1400.000
460792.269763719,6834701.90721142,236,1950.000
460981.002143294,6834699.76733242,141,2100.000
469398.190997114,6832787.62493397,287,1400.000
460948.399739995,6835164.32136214,141,2100.000
469622.67740392,6833193.81608243,287,1400.000
461032.470278854,6835368.1580933,141,2100.000
469639.517338405,6833220.19185449,287,1400.000
461164.433770138,6835626.0671296,141,2100.000
469845.579277363,6833682.5542049,287,1400.000
461212.288622938,6836089.71373089,141,2100.000
469847.886786819,6833688.72296129,287,1400.000
461261.760620575,6836127.51996229,141,2100.000
470009.001000349,6834145.29889161,287,1400.000
461484.341499989,6836294.99891705,141,2100.000
470075.792192851,6834501.77201135,287,1400.000
461705.236581457,6836312.66928231,141,2100.000
470118.117064675,6834608.52107871,287,1400.000
461923.591256241,6836100.54013652,141,2100.000
470299.725494827,6834865.56114793,287,1400.000
460827.046498443,6836717.70868025,236,1950.000
461932.211564499,6836081.69004311,141,2100.000
470520.290699028,6834840.7157239,287,1400.000
461047.015857054,6836655.45370566,236,1950.000
461923.210417958,6836066.05438536,141,2100.000
461267.823527383,6836667.13164187,236,1950.000
461798.44220495,6835618.9855068,141,2100.000
461489.875652347,6836790.36654156,236,1950.000
461693.164675979,6835225.8023502,141,2100.000
461710.940585194,6836826.18173352,236,1950.000
461624.159117385,6835156.7364686,141,2100.000
461930.765126251,6836750.1311978,236,1950.000
461470.247680502,6835033.35307545,141,2100.000
462151.503740455,6836756.47541911,236,1950.000
461309.634931215,6834696.06588597,141,2100.000
462371.094762665,6836657.79635694,236,1950.000
462400.106647194,6836540.73905915,236,1950.000
462367.692764188,6836346.13574479,236,1950.000
462250.470985337,6836078.19089809,236,1950.000
462142.030912878,6835893.70646456,236,1950.000
461986.170968998,6835616.91102064,236,1950.000
461940.726583491,6835153.22878078,236,1950.000
462130.259575493,6834821.50548106,236,1950.000
462351.171272585,6834832.46798431,236,1950.000
462571.910407869,6834827.68832408,236,1950.000
462794.777068181,6835020.1287462,236,1950.000
462939.852929142,6835142.34866842,236,1950.000
463017.578224855,6835208.78705903,236,1950.000
463240.242584659,6835386.90640432,236,1950.000
463309.638666681,6835602.57613489,236,1950.000
463467.486981078,6835999.4904459,236,1950.000
463506.690778749,6836064.66608471,236,1950.000
463683.725795452,6836526.97767947,236,1950.000
463694.061124334,6836555.88012552,236,1950.000
463860.642239421,6836989.29925516,236,1950.000
463922.638384916,6837452.83073344,236,1950.000
463924.194562649,6837459.0871599,236,1950.000
465470.169645626,6837622.64865995,236,1950.000
465495.211472975,6837436.72647625,236,1950.000
465685.441213583,6837086.69365365,236,1950.000
465767.021265223,6836969.83801412,236,1950.000
465891.128312491,6836504.43045298,236,1950.000
465899.863266301,6836457.92633887,236,1950.000
466054.626076367,6836038.64005195,236,1950.000
466114.422977626,6835834.97474107,236,1950.000
466216.40747262,6835572.87507062,236,1950.000
466111.149726561,6835501.88050718,236,1950.000
465889.184172877,6835378.25053575,236,1950.000
465666.870233394,6835221.24333429,236,1950.000
465580.353911972,6835114.98793603,236,1950.000
465491.356429479,6834651.70050506,236,1950.000
465537.983401807,6834187.05807882,236,1950.000
465654.677253466,6833996.30154197,236,1950.000
465873.993301844,6833842.25596631,236,1950.000
466093.618057711,6833717.65423302,236,1950.000
466093.995440488,6833717.37439495,236,1950.000
466093.610964384,6833716.93227918,236,1950.000
465870.668564866,6833506.05521319,236,1950.000
465647.72673216,6833297.97540731,236,1950.000
465630.655988657,6833257.78226965,236,1950.000
465422.241545683,6832838.66744316,236,1950.000
463230.269188459,6834451.16083517,144,2250.000
465202.224216516,6832927.63760561,236,1950.000
463047.92533785,6834677.00805284,144,2250.000
464981.652520114,6832960.86998019,236,1950.000
463233.429313646,6834747.66495519,144,2250.000
464761.335196903,6833018.63547245,236,1950.000
463394.293913414,6834673.31529195,144,2250.000
464538.986237354,6832877.93927367,236,1950.000
463230.269188459,6834451.16083517,144,2250.000
464481.432076381,6832805.23984096,236,1950.000
464467.78576433,6832341.2032368,236,1950.000
464532.121167023,6832209.62011862,236,1950.000
464672.575218327,6831874.925447,236,1950.000
464719.964824918,6831410.26498186,236,1950.000
464522.234187305,6831247.04964001,236,1950.000
464299.743801434,6831104.52028554,236,1950.000
464077.91912274,6831027.79332962,236,1950.000
463856.65119689,6831005.24947825,236,1950.000
463635.632367156,6831006.675058,236,1950.000
463414.849926585,6831030.43600922,236,1950.000
463193.82227669,6831030.92965114,236,1950.000
462972.75821598,6831028.05268503,236,1950.000
462751.680038874,6831023.93291595,236,1950.000
462530.718853783,6831030.67995684,236,1950.000
462358.153214749,6830971.01702892,236,1950.000
462305.663570472,6830662.13611545,236,1950.000
462289.433452952,6830507.58663829,236,1950.000
462303.231008508,6830439.17435682,236,1950.000
462520.148507256,6830056.1160707,236,1950.000
462532.265211481,6830040.76569397,236,1950.000
462669.720593583,6829575.09954167,236,1950.000
462735.762273211,6829547.6073691,236,1950.000
469575.704612623,6829971.57790663,379,1700.000
469375.803052019,6830261.79044402,379,1700.000
469307.208351381,6830438.11964842,379,1700.000
469168.16862412,6830903.52556793,379,1700.000
460711.985083391,6831453.52981313,237,2000.000
469160.902332738,6830953.27836856,379,1700.000
460766.906729162,6831424.40303821,237,2000.000
469111.183656785,6831368.2030228,379,1700.000
460962.367061776,6830986.50807867,237,2000.000
469165.828986395,6831505.13939652,379,1700.000
460982.722328266,6830964.36391733,237,2000.000
469331.052750449,6831830.4121032,379,1700.000
461201.936302724,6830801.70694678,237,2000.000
469390.581594177,6831929.18366829,379,1700.000
461421.626559316,6830679.86998995,237,2000.000
469607.964730016,6832292.13222597,379,1700.000
461641.699187737,6830591.10119939,237,2000.000
469614.887477397,6832308.64873936,379,1700.000
461863.557627812,6830663.11975297,237,2000.000
469793.218055053,6832754.67479907,379,1700.000
462085.073323152,6830704.77882221,237,2000.000
469840.407916445,6832832.7131952,379,1700.000
462144.011354703,6830509.17689252,237,2000.000
470064.225092816,6833168.13137703,379,1700.000
462144.162183675,6830044.99538721,237,2000.000
470097.774433953,6833216.19142506,379,1700.000
462092.847826531,6829581.37823769,237,2000.000
470287.76056548,6833475.83737507,379,1700.000
470509.851853393,6833619.1720586,379,1700.000
469985.090427265,6837858.86775587,145,950.000
469994.382909992,6837394.61569849,145,950.000
469922.187705067,6836931.07410564,145,950.000
470094.939847646,6836709.08998152,145,950.000
470264.530733914,6836928.10372903,145,950.000
470318.052762249,6836993.95244448,145,950.000
470453.838573648,6837390.64592153,145,950.000
470517.585272842,6837854.27031556,145,950.000
469493.192835776,6837863.18781616,248,1250.000
469441.490402923,6837671.18438553,248,1250.000
469313.024333651,6837400.61554124,248,1250.000
469234.136275809,6836937.14691111,248,1250.000
469213.938735196,6836892.81762045,248,1250.000
469092.74353426,6836474.23994427,248,1250.000
468986.928535122,6836185.70671725,248,1250.000
468929.385690649,6836011.53648943,248,1250.000
468760.659323778,6835570.37861287,248,1250.000
468751.842884867,6835548.96905671,248,1250.000
468551.609027445,6835086.61731063,248,1250.000
468534.586687306,6834985.2349848,248,1250.000
468463.137904795,6834623.25333827,248,1250.000
468438.72256695,6834159.30512258,248,1250.000
468302.918080434,6833799.03186689,248,1250.000
468271.741703179,6833696.6650898,248,1250.000
468077.561537379,6833311.64623963,248,1250.000
468029.046717776,6833234.73338063,248,1250.000
467913.508568971,6832771.63404201,248,1250.000
467849.330460373,6832522.29272839,248,1250.000
467768.198216134,6832308.81628498,248,1250.000
467624.539100823,6832110.56661764,248,1250.000
467401.53328707,6831893.59388196,248,1250.000
467362.339737822,6831848.45705713,248,1250.000
467177.269579451,6831547.21003833,248,1250.000
467071.500094341,6831387.04604453,248,1250.000
466951.862178063,6831085.93720007,248,1250.000
466831.912837076,6830925.1663885,248,1250.000
466949.951248472,6830886.19500844,248,1250.000
467170.179407365,6830801.12346896,248,1250.000
467370.957399618,6830455.86208185,248,1250.000
467387.389384134,6830395.16294143,248,1250.000
467511.122657187,6829990.37090608,248,1250.000
468398.345496054,6829982.14375061,248,1250.000
468336.123949014,6830446.88233566,248,1250.000
468351.745371941,6830910.90851768,248,1250.000
468491.933045247,6831373.79644554,248,1250.000
468501.911211343,6831402.71603145,248,1250.000
464326.462235307,6833689.50642398,149,2250.000
468623.200794448,6831836.77094424,248,1250.000
464105.343695403,6833664.78345181,149,2250.000
468728.859887964,6832059.4578724,248,1250.000
463883.526510888,6833573.63526762,149,2250.000
468859.535549081,6832298.80112147,248,1250.000
463661.722221014,6833484.85130365,149,2250.000
468953.593377096,6832479.20121515,248,1250.000
463440.417369912,6833444.32015315,149,2250.000
469106.534709385,6832760.75157616,248,1250.000
463343.111043587,6833745.49856618,149,2250.000
469178.315159682,6832903.66749938,248,1250.000
463447.623458078,6834124.57529858,149,2250.000
469330.65293534,6833222.92246181,248,1250.000
463668.590552075,6834137.16160992,149,2250.000
469403.710794391,6833410.29202844,248,1250.000
463881.630042662,6834203.99925258,149,2250.000
469509.952072045,6833685.5031916,248,1250.000
463890.186447487,6834210.01731415,149,2250.000
469630.378562007,6834068.83153124,248,1250.000
463914.656401214,6834203.6536891,149,2250.000
469658.998850547,6834148.35886872,248,1250.000
464110.105651622,6834122.60598685,149,2250.000
469785.621726838,6834611.41714228,248,1250.000
464327.968464868,6833835.21603896,149,2250.000
469857.947992615,6834840.20156119,248,1250.000
464510.963412543,6833733.29092187,149,2250.000
469963.273056926,6835074.03522101,248,1250.000
464326.462235307,6833689.50642398,149,2250.000
470082.594972077,6835286.0351621,248,1250.000
463884.471478049,6833663.93252746,150,2300.000
470304.543782163,6835425.15798141,248,1250.000
463662.669274224,6833574.79852064,150,2300.000
470525.427592641,6835441.78374678,248,1250.000
463442.265676589,6833618.80414458,150,2300.000
463401.532803101,6833744.87848732,150,2300.000
463445.282172585,6833903.5621038,150,2300.000
463667.136081685,6833999.02828691,150,2300.000
463887.507052918,6833953.99518179,150,2300.000
464060.266210268,6833737.95525571,150,2300.000
463884.471478049,6833663.93252746,150,2300.000
463497.836477623,6833743.85849528,151,2350.000
463665.681628551,6833860.89498878,151,2350.000
463850.624552172,6833740.14492894,151,2350.000
463663.616334751,6833664.74574817,151,2350.000
463497.836477623,6833743.85849528,151,2350.000
469591.023155917,6829596.53911174,387,1750.000
469721.515026535,6829970.29729298,387,1750.000
469595.520813651,6830107.73226538,387,1750.000
469377.272142455,6830427.5515296,387,1750.000
469373.389423941,6830437.53239102,387,1750.000
469232.417179426,6830902.95275564,387,1750.000
469164.598529326,6831367.31168468,387,1750.000
469164.548860383,6831367.72619453,387,1750.000
469164.603451117,6831367.8629945,387,1750.000
469389.537861534,6831811.43196081,387,1750.000
469406.155634524,6831829.74594646,387,1750.000
469613.349189484,6832133.84564004,387,1750.000
469742.198985568,6832290.95328763,387,1750.000
469838.514739797,6832616.01586422,387,1750.000
469872.975813784,6832753.97784041,387,1750.000
470062.827410666,6833006.9739939,387,1750.000
470208.207890418,6833215.23647667,387,1750.000
470286.437475434,6833322.15074077,387,1750.000
470508.555748574,6833467.49431191,387,1750.000
470508.590691603,6830427.65656111,324,1950.000
461450.257261344,6833243.62650542,159,2100.000
461228.524961591,6833169.03774884,159,2100.000
461008.286291134,6833227.54513022,159,2100.000
460898.751312085,6833308.14476589,159,2100.000
460904.009366522,6833772.26952066,159,2100.000
461014.982002204,6833820.24573936,159,2100.000
461238.066385907,6834018.44626778,159,2100.000
461456.47831463,6833800.62157307,159,2100.000
461496.772099931,6833765.60491537,159,2100.000
461623.457736027,6833300.01084442,159,2100.000
461450.257261344,6833243.62650542,159,2100.000
461229.430058059,6833249.61499069,160,2150.000
461009.131949242,6833302.40395414,160,2150.000
461002.931855497,6833306.96610355,160,2150.000
461009.524630596,6833337.16448877,160,2150.000
461232.347567504,6833509.34584596,160,2150.000
461357.322468215,6833302.98019737,160,2150.000
461229.430058059,6833249.61499069,160,2150.000
463448.423986409,6833280.20203529,161,2200.000
463438.568250819,6833269.75689053,161,2200.000
463418.601443097,6833280.51798304,161,2200.000
463284.689291512,6833746.11963412,161,2200.000
463227.20559737,6834163.70709304,161,2200.000
463214.720130288,6834211.04495949,161,2200.000
463010.365949877,6834536.13810705,161,2200.000
462944.688208535,6834678.1154296,161,2200.000
463012.678236947,6834751.79648548,161,2200.000
463234.373346407,6834836.23899232,161,2200.000
463455.204217818,6834840.15721935,161,2200.000
463646.608097382,6834670.64717557,161,2200.000
463673.390426787,6834593.00175228,161,2200.000
463893.382132724,6834515.3649232,161,2200.000
464113.49401798,6834448.35847137,161,2200.000
464222.659992457,6834200.4461897,161,2200.000
464330.036508057,6834035.27144734,161,2200.000
464549.485731925,6833899.99894278,161,2200.000
464769.016104064,6833771.01003636,161,2200.000
464989.839115436,6833767.83933209,161,2200.000
465054.685743911,6833727.74220491,161,2200.000
464989.06337864,6833691.37574111,161,2200.000
464768.381612183,6833708.86091719,161,2200.000
464546.900537698,6833648.35476778,161,2200.000
464325.51779828,6833598.14257141,161,2200.000
464104.374331899,6833571.58503092,161,2200.000
463882.581551058,6833483.3380184,161,2200.000
463660.775175122,6833394.90409722,161,2200.000
463448.423986409,6833280.20203529,161,2200.000
462554.708466233,6833242.17384319,162,2200.000
462534.190271192,6833290.00480924,162,2200.000
462555.378641668,6833303.94834315,162,2200.000
462581.996236326,6833289.48621379,162,2200.000
462554.708466233,6833242.17384319,162,2200.000
462825.417010254,6837860.4131343,257,1300.000
469393.491256979,6837864.07199907,257,1300.000
462329.015227803,6832802.2689434,167,2200.000
469219.322974208,6837495.63105126,257,1300.000
462319.163886123,6832828.16429897,167,2200.000
469169.459786642,6837401.89691241,257,1300.000
462329.885518283,6832882.02183711,167,2200.000
469104.021816925,6836938.31075726,257,1300.000
462356.908243726,6832827.75251586,167,2200.000
469003.768321716,6836475.03878889,257,1300.000
462329.015227803,6832802.2689434,167,2200.000
468989.173146746,6836435.24127961,257,1300.000
468849.426207947,6836012.25794755,257,1300.000
468762.605831676,6835785.25533079,257,1300.000
468665.624991525,6835549.75136533,257,1300.000
468537.082351915,6835258.81348684,257,1300.000
468461.930383486,6835087.43613089,257,1300.000
468326.855749575,6834624.50187645,257,1300.000
468356.9422714,6834160.05414887,257,1300.000
468304.967706556,6834022.17237247,257,1300.000
468206.016573411,6833697.26998971,257,1300.000
468078.795079809,6833445.01742739,257,1300.000
467946.634018542,6833235.49772701,257,1300.000
467852.892697467,6832904.81838786,257,1300.000
467803.060728338,6832772.66237103,257,1300.000
467626.768706346,6832348.36531714,257,1300.000
467594.849574224,6832310.43884926,257,1300.000
467403.680989101,6832121.1087389,257,1300.000
467180.292747014,6831865.3184109,257,1300.000
467170.542181593,6831850.27504922,257,1300.000
466955.863731656,6831504.19341203,257,1300.000
466878.790229116,6831388.88862094,257,1300.000
466731.392744721,6831143.5300539,257,1300.000
466508.424407736,6830942.64326487,257,1300.000
466487.565189879,6830928.48970532,257,1300.000
466508.206759452,6830920.1934939,257,1300.000
466728.414991078,6830834.34466075,257,1300.000
466948.744657853,6830760.07294662,257,1300.000
467168.668954866,6830642.17506913,257,1300.000
467276.494174866,6830456.75543801,257,1300.000
467384.21500624,6830058.83741433,257,1300.000
467404.83722542,6829991.371763,257,1300.000
468591.29878439,6829980.38466676,257,1300.000
468492.598057339,6830381.42862864,257,1300.000
468481.5478981,6830445.55270964,257,1300.000
468477.321911209,6830909.76036628,257,1300.000
468498.041188596,6830978.33718103,257,1300.000
469814.153713232,6829827.2422808,395,1800.000
468570.798461866,6831373.07791847,257,1300.000
469897.757197432,6829968.75761824,395,1800.000
468720.968679434,6831835.88403004,257,1300.000
469816.109236424,6830051.12872986,395,1800.000
468726.949382334,6831848.48903179,257,1300.000
469596.948682863,6830270.01587781,395,1800.000
468951.7046498,6832269.16057409,257,1300.000
469483.371579032,6830436.55926889,395,1800.000
468969.559560002,6832297.81057765,257,1300.000
469379.071221731,6830630.54289742,395,1800.000
469176.365114422,6832685.26135981,257,1300.000
469296.665742262,6830902.38113828,395,1800.000
469211.548536777,6832759.81341268,257,1300.000
469229.936450736,6831367.14306809,395,1800.000
469401.456379927,6833155.98416922,257,1300.000
469388.369126098,6831679.57630991,395,1800.000
469438.855263548,6833221.96272156,257,1300.000
469523.685284316,6831828.70674581,395,1800.000
469620.370560831,6833684.52939692,257,1300.000
469611.802084148,6831958.03796558,395,1800.000
469627.187152282,6833706.22732829,257,1300.000
469834.806120469,6832191.50729242,395,1800.000
469785.899618533,6834147.24530554,257,1300.000
469929.561389014,6832289.31646732,395,1800.000
469855.083237719,6834512.34929974,257,1300.000
469991.737387839,6832752.94346409,395,1800.000
469871.71333808,6834610.66420197,257,1300.000
470061.42974787,6832845.81664479,395,1800.000
470080.629805154,6835073.01524044,257,1300.000
470284.935026094,6833147.62778299,395,1800.000
470080.749007862,6835073.22703056,257,1300.000
470353.123662974,6833213.98871109,395,1800.000
470303.262884161,6835276.39682054,257,1300.000
470507.259660644,6833315.81659537,395,1800.000
470524.078374775,6835283.91469544,257,1300.000
460771.038026257,6831788.10212942,259,1850.000
460990.833122549,6831682.46063265,259,1850.000
461212.259849155,6831720.92395789,259,1850.000
461435.099162599,6831886.35311551,259,1850.000
461461.352682157,6831909.26914095,259,1850.000
461624.643540579,6832371.63271969,259,1850.000
461441.824494114,6832488.56618508,259,1850.000
461222.197020421,6832605.67024467,259,1850.000
461033.114174054,6832842.44144986,259,1850.000
461004.058082175,6832853.25111997,259,1850.000
460784.293894606,6832955.00802899,259,1850.000
469864.830179694,6837859.91744801,171,1000.000
469837.856773391,6837395.9821016,171,1000.000
469767.120981575,6836932.43074875,171,1000.000
469653.329646818,6836676.17925446,171,1000.000
469569.864461868,6836469.99539496,171,1000.000
469427.648487317,6836110.23165991,171,1000.000
469381.593132487,6836007.4912139,171,1000.000
469335.66901815,6835543.72836091,171,1000.000
469420.773795613,6835334.89618853,171,1000.000
469486.381574353,6835542.39154668,171,1000.000
469645.713801252,6835811.04823434,171,1000.000
469710.870313499,6836004.58294399,171,1000.000
469870.251604931,6836248.16534413,171,1000.000
470092.009359,6836371.29356372,171,1000.000
470306.129604739,6836463.57503729,171,1000.000
470313.573723203,6836473.8258134,171,1000.000
470464.568002908,6836926.38382379,171,1000.000
470539.929465813,6837138.48343599,171,1000.000
460830.872847474,6837054.41124865,259,1850.000
460930.146208528,6837021.27164061,259,1850.000
461050.535774394,6836966.94823491,259,1850.000
461271.103382065,6836959.03547112,259,1850.000
461369.815040406,6837016.31586482,259,1850.000
461493.291201374,6837096.08547254,259,1850.000
461715.10154159,6837200.76471866,259,1850.000
461935.271559926,6837158.16873137,259,1850.000
462155.131343,6837086.85460643,259,1850.000
462254.981690979,6837006.50875279,259,1850.000
462374.12854591,6836935.71746601,259,1850.000
462472.216302893,6836539.95331595,259,1850.000
462440.110325185,6836076.11985276,259,1850.000
462362.094711939,6835833.27449809,259,1850.000
462212.545123063,6835614.42307924,259,1850.000
462357.155458707,6835380.75015297,259,1850.000
462576.593995885,6835259.34094737,259,1850.000
462797.994793385,6835318.43990165,259,1850.000
463019.982409075,6835433.00350732,259,1850.000
463179.19549144,6835603.96643867,259,1850.000
463243.775851376,6835718.39444434,259,1850.000
463370.975039743,6836066.10518317,259,1850.000
463471.18932582,6836348.92139073,259,1850.000
463540.442601557,6836528.49008387,259,1850.000
463698.425545096,6836970.28154983,259,1850.000
463706.357981741,6836990.92038894,259,1850.000
463773.58648891,6837454.39436589,259,1850.000
465881.929931605,6837432.87615202,259,1850.000
465909.217693158,6837403.59500499,259,1850.000
466127.658762807,6837181.78580775,259,1850.000
466348.825111424,6837236.21224016,259,1850.000
466554.329291128,6837426.28480996,259,1850.000
466571.798616705,6837477.69047527,259,1850.000
466794.381213718,6837681.83907677,259,1850.000
466902.195561267,6837422.92627416,259,1850.000
467010.273309329,6837189.8021453,259,1850.000
467044.82331786,6836957.3838839,259,1850.000
467214.673383956,6836491.58916517,259,1850.000
467148.13115661,6836028.04787668,259,1850.000
467028.31238829,6835565.01690676,259,1850.000
466994.206765599,6835511.18945863,259,1850.000
466769.799325279,6835130.62781208,259,1850.000
466739.434469401,6835103.6160958,259,1850.000
466547.80660864,6835004.09774374,259,1850.000
466325.51871176,6834849.02037439,259,1850.000
466102.989396078,6834671.42397557,259,1850.000
466083.812367465,6834645.82493202,259,1850.000
466102.015952471,6834572.35514819,259,1850.000
466266.408623775,6834179.85950961,259,1850.000
466318.683387826,6834148.811008,259,1850.000
466537.930789667,6833985.74363318,259,1850.000
466757.15410501,6833818.03957887,259,1850.000
466878.163171266,6833709.75899454,259,1850.000
466755.183399959,6833613.46502994,259,1850.000
466532.466122872,6833422.21181761,259,1850.000
466396.346098716,6833250.24275863,259,1850.000
466306.375153917,6832887.85313441,259,1850.000
466247.260082932,6832787.52321759,259,1850.000
466175.236498052,6832324.05410588,259,1850.000
466079.431598986,6832273.67825524,259,1850.000
465912.337723317,6832326.63958225,259,1850.000
465859.758214124,6832402.72236376,259,1850.000
465639.217843086,6832443.02225747,259,1850.000
465417.759370637,6832391.17660398,259,1850.000
465276.574107521,6832332.97474068,259,1850.000
465195.592170374,6832269.71064422,259,1850.000
470035.129344875,6829812.8416803,403,1850.000
465051.766846901,6831871.06717697,259,1850.000
470178.590253028,6829966.32279727,403,1850.000
464967.700994406,6831585.51272116,259,1850.000
470037.411487941,6830076.05036917,403,1850.000
464927.650875249,6831408.14983891,259,1850.000
469817.986089766,6830266.00433099,403,1850.000
464743.474929498,6831268.9679736,259,1850.000
469598.376572006,6830432.29952475,403,1850.000
464520.69146028,6831096.84669756,259,1850.000
469596.14956994,6830435.56504497,403,1850.000
464328.900855123,6830950.10520184,259,1850.000
469380.8913946,6830835.91071859,403,1850.000
464297.8680385,6830923.02053807,259,1850.000
469360.914312611,6830901.81071585,403,1850.000
464075.773994988,6830821.50528308,259,1850.000
469295.336083309,6831366.56107256,403,1850.000
463854.357697168,6830786.0413528,259,1850.000
469387.200403911,6831547.72068177,403,1850.000
463633.050837878,6830761.43711523,259,1850.000
469610.187577046,6831774.56819884,403,1850.000
463411.749664328,6830737.69921605,259,1850.000
469721.135152155,6831826.96989355,403,1850.000
463190.147769702,6830686.05361891,259,1850.000
469832.271957112,6831901.42451344,403,1850.000
462968.017428196,6830585.75351489,259,1850.000
470053.575243028,6831940.11297564,403,1850.000
462838.159927742,6830501.64120221,259,1850.000
470205.719240667,6832286.92245724,403,1850.000
462965.679744788,6830367.64960597,259,1850.000
470137.932920012,6832751.67575726,403,1850.000
463184.097294954,6830118.15583298,259,1850.000
470283.014061025,6832924.48671812,403,1850.000
463238.466196234,6830033.18107767,259,1850.000
470505.768183436,6833141.27058347,403,1850.000
463232.622855083,6829569.06572549,259,1850.000
464829.14738821,6829552.45118289,259,1850.000
464948.136846222,6829656.58695298,259,1850.000
465170.751524162,6829805.08798193,259,1850.000
465392.506511429,6829869.6678939,259,1850.000
465613.896258388,6829898.40289728,259,1850.000
465835.622789074,6829961.60904702,259,1850.000
466028.614307047,6830004.62645257,259,1850.000
466057.187352561,6830009.18081947,259,1850.000
466101.354485657,6830003.91215691,259,1850.000
466277.765694194,6829956.34201657,259,1850.000
466497.222658345,6829787.16080335,259,1850.000
460771.927142797,6837487.25568917,264,1650.000
460835.975800446,6837503.43467225,264,1650.000
461009.108599085,6837484.56394701,264,1650.000
461056.29444844,6837476.5435085,264,1650.000
461276.806292706,6837466.57174765,264,1650.000
461292.015132212,6837481.37462792,264,1650.000
461499.99994799,6837696.54891707,264,1650.000
461722.225378972,6837842.0484795,264,1650.000
462361.398801344,6837469.52888272,264,1650.000
462379.705784533,6837446.62433227,264,1650.000
462526.89299617,6837003.54178658,264,1650.000
462592.052847323,6836683.96032209,264,1650.000
462672.368979273,6836537.78025622,264,1650.000
462808.586697584,6836300.34854925,264,1650.000
463029.321890629,6836303.97189331,264,1650.000
463212.324255978,6836531.97592496,264,1650.000
463253.061952377,6836589.56416065,264,1650.000
463399.949599039,6836994.16043882,264,1650.000
463482.057191589,6837374.58167707,264,1650.000
463496.46896593,6837457.31861086,264,1650.000
467799.102182524,6837414.42893125,264,1650.000
467890.811651173,6836975.92332634,264,1650.000
467903.17191288,6836949.28397625,264,1650.000
468107.144367927,6836509.74130615,264,1650.000
468114.378940452,6836483.15019313,264,1650.000
468106.673010484,6836458.79129993,264,1650.000
467949.82134551,6836020.50269799,264,1650.000
467879.611623411,6835773.5969207,264,1650.000
467835.836738489,6835557.39076394,264,1650.000
467680.11720879,6835094.67333585,264,1650.000
467652.104280676,6835050.19635448,264,1650.000
467429.381750545,6834843.35570663,264,1650.000
467206.970735056,6834672.09941701,264,1650.000
467166.476577745,6834635.35069303,264,1650.000
467206.098715947,6834580.36515227,264,1650.000
467425.359789534,6834417.3874764,264,1650.000
467643.986032281,6834184.51902988,264,1650.000
467654.333225726,6834166.56922073,264,1650.000
467643.576830272,6834140.88270538,264,1650.000
467561.253486008,6833703.27043184,264,1650.000
467416.050939034,6833431.42283613,264,1650.000
467252.941843517,6833242.00945505,264,1650.000
467192.695050464,6833170.24296285,264,1650.000
466969.543611726,6832933.9499168,264,1650.000
466881.05646027,6832781.38461488,264,1650.000
466745.163721955,6832573.28956417,264,1650.000
466624.125273076,6832319.68578601,264,1650.000
466519.402650483,6832074.96088556,264,1650.000
466411.528973379,6831857.57400928,264,1650.000
470254.882547662,6829656.22139674,407,1900.000
466295.364379734,6831759.70379837,264,1650.000
470441.774610199,6829964.06170749,407,1900.000
466074.924138186,6831814.84710321,264,1650.000
470261.442747911,6830418.45376604,407,1900.000
465854.158819287,6831836.43142565,264,1650.000
470040.024692312,6830377.43447556,407,1900.000
465631.158337599,6831633.16506017,264,1650.000
469941.024807944,6830432.54754885,407,1900.000
465490.734131572,6831402.47804871,264,1650.000
469820.078161261,6830505.51503712,407,1900.000
465406.955779537,6831312.49933957,264,1650.000
469600.845474181,6830712.89198984,407,1900.000
465184.652909883,6831184.4097767,264,1650.000
469493.630786128,6830900.63619396,407,1900.000
464962.188954434,6831042.08542308,264,1650.000
469384.112835935,6831199.37314883,407,1900.000
464752.927984981,6830945.75279263,264,1650.000
469360.735723672,6831365.98031537,407,1900.000
464740.079217219,6830936.28028207,264,1650.000
469386.031694972,6831415.86507641,407,1900.000
464516.838307087,6830721.68776673,264,1650.000
469608.381196341,6831569.29087321,407,1900.000
464294.328150913,6830580.49166734,264,1650.000
469830.2615658,6831671.29225386,407,1900.000
464150.327164308,6830487.77730986,264,1650.000
470051.279802582,6831675.41241761,407,1900.000
464075.997087332,6830024.37306726,264,1650.000
470272.592827245,6831713.87319778,407,1900.000
464285.133495496,6829690.74609678,264,1650.000
470414.133453933,6831820.96333939,407,1900.000
464506.795446848,6829743.81732964,264,1650.000
470497.239780518,6832143.15102328,407,1900.000
464729.095212675,6829860.08158378,264,1650.000
464951.47520839,6829985.754829,264,1650.000
470499.063591747,6832356.60741393,407,1900.000
465015.958034479,6830014.72960397,264,1650.000
470331.104783187,6832750.0101997,407,1900.000
465173.658579743,6830093.54486356,264,1650.000
470503.861497989,6832918.1294332,407,1900.000
465395.288963738,6830147.52333476,264,1650.000
465616.675796549,6830177.75133323,264,1650.000
465838.218047878,6830224.12380579,264,1650.000
466059.561704856,6830250.91412535,264,1650.000
466280.547309511,6830241.3963335,264,1650.000
466501.240648475,6830201.63738798,264,1650.000
466721.40440155,6830106.39086208,264,1650.000
466824.094013227,6829996.89817481,264,1650.000
466937.82887249,6829619.01050398,264,1650.000
470487.759370254,6831033.51453532,407,1900.000
470333.067475269,6830893.32542087,407,1900.000
470485.113819494,6830723.84691898,407,1900.000
464523.005558289,6831322.15112228,183,2000.000
464300.691768251,6831196.24496168,183,2000.000
464079.10205883,6831141.54984979,183,2000.000
463857.702292409,6831105.70973021,183,2000.000
463636.594129784,6831098.03847145,183,2000.000
463415.95204789,6831134.50012026,183,2000.000
463194.902004826,6831132.26714244,183,2000.000
462973.656202275,6831111.82984697,183,2000.000
462752.58665781,6831108.01357672,183,2000.000
462531.672307272,6831118.58242351,183,2000.000
462310.496689112,6831105.11362636,183,2000.000
462099.620719398,6831438.02430237,183,2000.000
462303.929513213,6831899.96886927,183,2000.000
462147.800602177,6832365.85770825,183,2000.000
462104.491072282,6832474.02284134,183,2000.000
461917.360917537,6832832.57346942,183,2000.000
461888.271526585,6832901.83241501,183,2000.000
461668.488557027,6833003.83250293,183,2000.000
461447.652427456,6833010.39781177,183,2000.000
461226.714787453,6833007.88329048,183,2000.000
461006.594991233,6833077.82750425,183,2000.000
460787.359418245,6833224.84777488,183,2000.000
460796.677118339,6834044.99147315,183,2000.000
460935.06241186,6834236.10240657,183,2000.000
460859.027767584,6834701.14911773,183,2000.000
460806.663848586,6834923.96002106,183,2000.000
460711.967370957,6835167.00640781,183,2000.000
460799.197879528,6835630.19959254,183,2000.000
460724.937119354,6836559.41713944,183,2000.000
460824.540732313,6836497.20664361,183,2000.000
461044.752133416,6836455.12150758,183,2000.000
461266.070329662,6836511.09582222,183,2000.000
461325.744521397,6836552.62452428,183,2000.000
461488.203001771,6836640.64806833,183,2000.000
461709.125260867,6836662.75655023,183,2000.000
461928.714816586,6836564.48011676,183,2000.000
462149.758509497,6836597.52749176,183,2000.000
462299.210836515,6836541.84100289,183,2000.000
462151.950833093,6836079.27095104,183,2000.000
462143.918234895,6836065.60554852,183,2000.000
461918.866835255,6835672.72622702,183,2000.000
461903.54443164,6835617.82282125,183,2000.000
461837.80012527,6835154.36605695,183,2000.000
461688.390634477,6834795.95467388,183,2000.000
461466.570804649,6834704.18559162,183,2000.000
461461.892764168,6834694.3615942,183,2000.000
461465.488444119,6834607.28694042,183,2000.000
460834.770315362,6837397.36212939,265,1700.000
461684.288994949,6834426.63660366,183,2000.000
461054.884516146,6837351.77812884,265,1700.000
461905.064457479,6834422.78088828,183,2000.000
461275.404348243,6837341.8063054,265,1700.000
462125.785552557,6834413.9602934,183,2000.000
461417.353528872,6837479.96906294,265,1700.000
462347.429490235,6834489.62606805,183,2000.000
461498.518341221,6837563.94096877,265,1700.000
462569.072434964,6834566.12510602,183,2000.000
461720.743776376,6837708.67832352,265,1700.000
462594.861872558,6834681.89082909,183,2000.000
461941.720387847,6837742.05696169,265,1700.000
462793.585112628,6834909.62217357,183,2000.000
462161.932634397,6837706.24852976,265,1700.000
463016.47708723,6835106.09252442,183,2000.000
462258.316531153,6837470.65628842,265,1700.000
463106.956971443,6835140.55722237,183,2000.000
462378.328971196,6837320.50242831,265,1700.000
463238.57131741,6835230.10631416,183,2000.000
462483.462707134,6837004.01423747,265,1700.000
463358.254394769,6835602.05923569,183,2000.000
462580.380808256,6836538.77752946,265,1700.000
463466.150700886,6835873.36846992,183,2000.000
462589.626619671,6836460.3812608,265,1700.000
463580.746415224,6836063.88306882,183,2000.000
462806.500553547,6836106.96173521,265,1700.000
463691.943683689,6836354.82406681,183,2000.000
463027.038846679,6836091.06887596,265,1700.000
463804.083712692,6836525.71186225,183,2000.000
463250.443491926,6836343.92143606,265,1700.000
463918.21023107,6836887.4203246,183,2000.000
463311.911080708,6836530.91463999,265,1700.000
463956.041364448,6836988.30030963,183,2000.000
463477.833526307,6836975.98170587,265,1700.000
464072.200780712,6837451.26822627,183,2000.000
463483.940229898,6836993.26958758,265,1700.000
463564.136651248,6837456.60250021,265,1700.000
465390.221705138,6837437.77928746,183,2000.000
465465.983978819,6837204.93010192,183,2000.000
465597.3721891,6836971.52712849,183,2000.000
465664.180524197,6836506.68338537,183,2000.000
465676.58482507,6836197.10832571,183,2000.000
465688.026228592,6836042.26873043,183,2000.000
465674.274574037,6835965.04275781,183,2000.000
465523.279949318,6835579.73489064,183,2000.000
465449.061978851,6835516.00862316,183,2000.000
465282.126275481,6835117.97688222,183,2000.000
465222.252868087,6834914.34207452,183,2000.000
465125.969994886,6834655.37488911,183,2000.000
465218.540565124,6834546.13235915,183,2000.000
465358.010204476,6834188.86033484,183,2000.000
465434.049272207,6834017.44467977,183,2000.000
465617.303687915,6833722.090852,183,2000.000
465426.56574245,6833270.37000671,183,2000.000
465423.16359018,6833259.8546372,183,2000.000
465203.677222098,6833071.7769985,183,2000.000
464983.190707668,6833112.49645962,183,2000.000
464776.355779044,6833266.3948013,183,2000.000
464763.932526468,6833273.05930844,183,2000.000
467653.971555296,6837415.78807537,265,1700.000
464543.039837942,6833272.54223489,183,2000.000
467672.258162373,6837199.00169003,265,1700.000
464523.795622521,6833268.98145881,183,2000.000
467701.454611779,6836951.16828935,265,1700.000
464319.89792164,6833054.46696457,183,2000.000
467886.986359623,6836565.29084505,265,1700.000
464096.782004368,6832841.60337255,183,2000.000
467924.285403937,6836484.91364793,265,1700.000
464064.888944922,6832809.55071426,183,2000.000
467885.258284411,6836379.78297564,265,1700.000
464094.031706541,6832577.1585852,183,2000.000
467758.911142787,6836022.28255573,265,1700.000
464116.165309889,6832344.83966619,183,2000.000
467686.703352536,6835558.78492062,265,1700.000
464309.25251802,6832024.54549147,183,2000.000
467656.039579213,6835469.80824988,265,1700.000
464381.396049321,6831877.91645673,183,2000.000
467431.979066387,6835118.43078501,265,1700.000
464527.419401214,6831751.8782819,183,2000.000
467417.06033308,6835097.14828802,265,1700.000
464630.858626344,6831411.17629747,183,2000.000
467209.176766446,6834904.16531441,265,1700.000
464523.005558289,6831322.15112228,183,2000.000
466986.401450066,6834695.61374267,265,1700.000
464523.776934254,6831397.25261191,184,2050.000
466925.235924858,6834637.65515352,265,1700.000
464301.639742545,6831287.9696488,184,2050.000
466984.572180632,6834504.4656433,265,1700.000
464080.28500649,6831255.30638685,184,2050.000
467202.854657555,6834239.09194249,265,1700.000
463858.753397008,6831206.16999534,184,2050.000
467349.410073257,6834169.44120075,265,1700.000
463637.555899967,6831189.40189578,184,2050.000
467422.555726541,6834120.3984547,265,1700.000
463417.054179056,6831238.56424543,184,2050.000
467484.57427279,6833703.99205734,265,1700.000
463195.981742369,6831233.60464713,184,2050.000
467417.437608649,6833578.2998035,265,1700.000
462974.554195039,6831195.60701806,184,2050.000
467194.264850197,6833335.40121817,265,1700.000
462753.493283301,6831192.09424671,184,2050.000
467088.973323789,6833243.56901062,265,1700.000
462532.625767967,6831206.48490025,184,2050.000
466971.425432378,6833130.61539473,265,1700.000
462312.318264003,6831272.06501591,184,2050.000
466769.493208448,6832782.45671578,265,1700.000
462207.945309218,6831436.83733987,184,2050.000
460839.469024499,6837810.80362503,352,1450.000
466746.844418663,6832747.7745639,265,1700.000
462316.715461778,6831675.06824606,184,2050.000
461060.528752679,6837851.23060041,352,1450.000
466542.902907683,6832320.47186909,265,1700.000
462394.455160054,6831898.98188883,184,2050.000
466521.293475206,6832269.97332204,265,1700.000
462321.266350789,6832092.14280114,184,2050.000
466317.104000213,6831858.49370469,265,1700.000
462224.509900657,6832365.01759633,184,2050.000
466296.156287957,6831840.84526119,265,1700.000
462106.528782732,6832659.67302722,184,2050.000
466232.370026306,6831859.32120836,265,1700.000
462016.862254928,6832831.47723783,184,2050.000
466075.994768711,6831923.83216888,265,1700.000
461890.808245472,6833131.59751584,184,2050.000
465855.444473143,6831966.45754324,265,1700.000
461670.253591521,6833162.77952677,184,2050.000
465676.79206667,6831864.79844034,265,1700.000
461448.954837875,6833127.01214975,184,2050.000
465633.082827393,6831826.5519349,265,1700.000
461227.619871389,6833088.46051543,184,2050.000
462603.362660779,6837726.11408005,352,1450.000
465409.344260966,6831550.98413789,265,1700.000
461007.440638464,6833152.68631359,184,2050.000
462690.036907475,6837465.95517206,352,1450.000
465360.268745352,6831403.7840209,265,1700.000
460794.570793896,6833309.32657298,184,2050.000
462817.101733717,6837089.66477358,352,1450.000
465185.756204703,6831293.87387536,265,1700.000
460788.663842321,6833339.66657083,184,2050.000
463037.831489021,6837097.49237364,352,1450.000
464963.207916617,6831142.54591562,265,1700.000
463192.060318321,6837460.5565289,352,1450.000
464740.963981742,6831022.96410809,265,1700.000
464634.181162199,6830946.9664171,265,1700.000
464517.989723735,6830833.79570233,265,1700.000
464295.213113034,6830666.12387067,265,1700.000
464072.719432284,6830527.75442613,265,1700.000
463958.957056206,6830489.76821574,265,1700.000
463848.293615355,6830206.42891105,265,1700.000
463799.872514546,6830027.25453805,265,1700.000
463843.765503919,6829773.60785939,265,1700.000
463937.689679089,6829561.63737466,265,1700.000
464504.78523157,6829548.07351107,265,1700.000
464511.702440662,6829555.69599051,265,1700.000
464728.00879619,6829753.63055591,265,1700.000
464950.640608986,6829903.46284673,265,1700.000
465172.767659238,6830005.14271027,265,1700.000
465202.994582243,6830012.84121752,265,1700.000
465394.511735729,6830069.91007297,265,1700.000
460795.018910726,6833899.04024819,184,2050.000
465615.963119869,6830106.12671338,265,1700.000
461018.954282164,6834171.85570124,184,2050.000
465837.596303569,6830161.23386311,265,1700.000
461057.164220123,6834234.72211142,184,2050.000
466058.968112154,6830190.48079172,265,1700.000
461020.166060497,6834279.1152774,184,2050.000
466279.912982447,6830176.39238364,265,1700.000
460920.014951113,6834700.45768596,184,2050.000
466500.537619366,6830129.11732841,265,1700.000
460812.138078367,6835165.86683958,184,2050.000
466720.547981828,6830017.46031549,265,1700.000
460989.735779938,6835628.0389238,184,2050.000
466739.06577981,6829997.71550354,265,1700.000
460937.199173145,6836092.81935747,184,2050.000
461041.592823968,6836175.52720071,184,2050.000
461263.915457386,6836319.30786834,184,2050.000
461486.382866266,6836477.72610932,184,2050.000
461707.250397932,6836493.96901458,184,2050.000
461926.179933426,6836334.94793308,184,2050.000
462042.554081701,6836080.47354042,184,2050.000
461921.038608277,6835869.39028103,184,2050.000
461850.993315156,6835618.4037636,184,2050.000
461750.203158512,6835155.33637103,184,2050.000
461690.799376028,6835012.83617368,184,2050.000
461468.409229586,6834868.76931591,184,2050.000
461385.763841031,6834695.21290003,184,2050.000
461360.415392797,6834231.31271528,184,2050.000
461459.235747805,6834047.4968825,184,2050.000
461678.845846798,6833936.50917557,184,2050.000
461899.308388536,6833901.47140575,184,2050.000
462120.251476567,6833909.83391269,184,2050.000
462341.616717456,6833957.00932286,184,2050.000
462563.66653026,6834067.8711375,184,2050.000
462662.449520684,6834216.9771208,184,2050.000
462689.209943012,6834680.86911081,184,2050.000
468635.75556607,6837870.88611132,352,1450.000
462792.393168385,6834799.11561685,184,2050.000
468723.101450965,6837405.91904692,352,1450.000
463015.527363825,6835017.51849936,184,2050.000
468758.370080242,6836941.426396,352,1450.000
463237.205487767,6835101.96116502,184,2050.000
468725.201855259,6836477.5546883,352,1450.000
463280.130860917,6835138.70924766,184,2050.000
468578.523568973,6836014.71603139,352,1450.000
463406.870128016,6835601.54302189,184,2050.000
468543.178810883,6835927.08986752,352,1450.000
463464.814435158,6835747.24651466,184,2050.000
468369.794261613,6835552.45200984,352,1450.000
463654.802063604,6836063.10164358,184,2050.000
468317.901988896,6835430.21611292,352,1450.000
463689.836813836,6836154.76833927,184,2050.000
468185.152354057,6835089.97798608,352,1450.000
463914.038112839,6836488.85293963,184,2050.000
468091.718167321,6834842.1772826,352,1450.000
463939.324635496,6836524.29453309,184,2050.000
468005.310168251,6834627.46902925,352,1450.000
464109.254285874,6836986.70150917,184,2050.000
468087.188029117,6834352.42710787,352,1450.000
464141.238224263,6837115.30762552,184,2050.000
468126.265891992,6834162.17736105,352,1450.000
464238.750736226,6837449.53588645,184,2050.000
468084.018235586,6834009.73081189,352,1450.000
467989.815546351,6833699.26862352,352,1450.000
467858.353648933,6833491.21069517,352,1450.000
467673.525592263,6833238.04477033,352,1450.000
467634.168033261,6833137.50664186,352,1450.000
467410.02309149,6832792.92800433,352,1450.000
467395.140239756,6832776.49095993,352,1450.000
465249.294928834,6837596.19914085,184,2050.000
467186.614003373,6832530.43566022,352,1450.000
465292.612190841,6837438.76096086,184,2050.000
467011.785224267,6832315.96027539,352,1450.000
465426.918079915,6836973.23266872,184,2050.000
466962.887438743,6832238.29974182,352,1450.000
465460.081370293,6836615.8402146,184,2050.000
466765.858843239,6831854.14587515,352,1450.000
465470.621726226,6836508.61666841,184,2050.000
466737.792483877,6831807.99882531,352,1450.000
465458.233140072,6836431.3778177,184,2050.000
466514.044981695,6831522.3739155,352,1450.000
465321.945918334,6836045.93116602,184,2050.000
466292.196802082,6831435.13803313,352,1450.000
465232.406443256,6835921.37940602,184,2050.000
466070.993673975,6831414.73602754,352,1450.000
465008.849541958,6835641.52331158,184,2050.000
466038.212609758,6831397.05146717,352,1450.000
464946.965170665,6835585.54471007,184,2050.000
465847.516122106,6831164.59161562,352,1450.000
465003.612518023,6835125.38735554,184,2050.000
465624.26319431,6830940.26440372,352,1450.000
465003.848537124,6835120.78914202,184,2050.000
465620.060373182,6830937.01421379,352,1450.000
465003.558308616,6835120.04461866,184,2050.000
465399.380476219,6830556.08953018,352,1450.000
464813.882630668,6834658.54393701,184,2050.000
465177.998367794,6830524.15362494,352,1450.000
464995.296305229,6834305.73503029,184,2050.000
465061.187469967,6830478.4465409,352,1450.000
465151.865901034,6834190.93620467,184,2050.000
465177.341715733,6830458.9993476,352,1450.000
465214.800989388,6834175.20596474,184,2050.000
465398.39792766,6830457.97646059,352,1450.000
465418.840634006,6833724.07389012,184,2050.000
465619.526547171,6830464.24987963,352,1450.000
465258.339056093,6833261.50974252,184,2050.000
465752.238007208,6830471.52769663,352,1450.000
465205.130245675,6833215.91641851,184,2050.000
465840.989033594,6830504.40719137,352,1450.000
464984.728915261,6833264.12296906,184,2050.000
466062.558835125,6830556.04552049,352,1450.000
464984.522286926,6833264.27670739,184,2050.000
466283.568383678,6830550.98211269,352,1450.000
464765.044782281,6833382.00968739,184,2050.000
466504.282689617,6830515.43007844,352,1450.000
464544.005001196,6833366.49535084,184,2050.000
466724.830484315,6830462.14828669,352,1450.000
464322.684531672,6833324.05107904,184,2050.000
466725.185237466,6830462.02079331,352,1450.000
464101.466287954,6833291.98983619,184,2050.000
466945.023376469,6830371.08772595,352,1450.000
464052.191467474,6833273.86098881,184,2050.000
467162.553944649,6829998.65657346,352,1450.000
463877.870965137,6833033.19965104,184,2050.000
467164.074420321,6829993.65104215,352,1450.000
463655.261951213,6832871.26319866,184,2050.000
463574.332426519,6832814.69202226,184,2050.000
463650.748302199,6832442.54372253,184,2050.000
463671.863388166,6832349.48581562,184,2050.000
463646.83929413,6832071.24222704,184,2050.000
463621.626606999,6831885.8364766,184,2050.000
463644.809083347,6831878.39578481,184,2050.000
463865.34420792,6831836.07318492,184,2050.000
464085.61042776,6831767.40464079,184,2050.000
464306.012634076,6831711.07538934,184,2050.000
464524.512568167,6831468.87379547,184,2050.000
464541.752444426,6831412.08991196,184,2050.000
464523.776934254,6831397.25261191,184,2050.000
464302.587724315,6831379.6943469,185,2100.000
464081.46796572,6831369.06294078,185,2100.000
463859.804510686,6831306.63027363,185,2100.000
463638.517677705,6831280.765331,185,2100.000
463418.156320083,6831342.62838473,185,2100.000
463197.061489321,6831334.9421652,185,2100.000
462975.452194271,6831279.3841983,185,2100.000
462754.399915347,6831276.1749259,185,2100.000
462533.579235868,6831294.38738706,185,2100.000
462316.865710804,6831435.64727468,185,2100.000
462476.289457539,6831898.09171068,185,2100.000
462323.547619732,6832301.20832927,185,2100.000
462301.219212335,6832364.17918874,185,2100.000
462116.509671716,6832830.3822715,185,2100.000
462112.479083295,6833201.77182685,185,2100.000
462098.773775805,6833294.75865768,185,2100.000
462113.635689991,6833307.14094561,185,2100.000
462337.632511475,6833591.92789418,185,2100.000
462559.222363595,6833658.24336538,185,2100.000
462780.081715816,6833657.64589894,185,2100.000
463001.404329703,6833700.28409903,185,2100.000
463026.928201292,6833748.87164163,185,2100.000
463004.913746504,6834027.61589057,185,2100.000
462984.823769458,6834213.50362771,185,2100.000
462790.605273225,6834633.3558116,185,2100.000
462783.558033234,6834679.84997301,185,2100.000
462791.201235451,6834688.60907604,185,2100.000
463014.577647643,6834928.94448452,185,2100.000
460777.445260664,6832352.14140557,266,1750.000
463236.261433468,6835013.38709723,185,2100.000
460797.858608812,6832380.92106009,266,1750.000
463381.390086834,6835137.63271821,185,2100.000
460778.151383049,6832414.30086132,266,1750.000
463455.485866415,6835601.02749347,185,2100.000
463463.478183896,6835621.12458013,185,2100.000
463688.016235563,6835981.89441903,185,2100.000
463786.548305454,6836061.7154073,185,2100.000
463911.368730939,6836233.83668975,185,2100.000
464117.273278034,6836522.43770991,185,2100.000
464135.604662099,6836573.82252269,185,2100.000
464279.977314668,6836984.92801153,185,2100.000
464363.42834889,6837265.01529886,185,2100.000
464421.406796608,6837447.64527739,185,2100.000
465186.934973638,6837439.82688961,185,2100.000
465243.040103681,6836975.93997964,185,2100.000
465243.215155414,6836975.0802136,185,2100.000
465294.3911163,6836510.38632884,185,2100.000
465237.01410991,6836378.34211645,185,2100.000
465013.808921828,6836130.27524103,185,2100.000
464929.481749323,6836049.9007333,185,2100.000
464790.481576229,6835873.38222864,185,2100.000
464566.931347806,6835598.02442879,185,2100.000
464564.567613425,6835589.4528133,185,2100.000
464566.544984119,6835560.42132318,185,2100.000
464665.548851333,6835124.23822132,185,2100.000
464559.093928408,6834835.21893281,185,2100.000
464515.029605346,6834661.60506462,185,2100.000
464555.825887586,6834517.1303766,185,2100.000
464729.181499753,6834195.23115133,185,2100.000
469148.424065257,6829555.40497247,352,1450.000
464773.136514855,6834174.60047557,185,2100.000
469072.919357459,6829976.04092052,352,1450.000
464992.916729299,6834071.19174271,185,2100.000
468936.884336639,6830441.42911074,352,1450.000
465212.89891112,6833986.53543627,185,2100.000
468935.319394058,6830446.84048545,352,1450.000
465331.207622963,6833724.95315002,185,2100.000
468794.934089478,6830906.87680028,352,1450.000
465207.139679966,6833415.24868636,185,2100.000
468798.887207927,6831371.00998342,352,1450.000
464986.173781014,6833406.54667464,185,2100.000
468947.244193502,6831773.10955672,352,1450.000
464766.157048505,6833490.96008184,185,2100.000
468969.123878906,6831833.64528743,352,1450.000
464544.97017224,6833460.44847831,185,2100.000
469171.812651974,6832175.36735319,352,1450.000
464323.628946462,6833415.41489895,185,2100.000
469246.531556705,6832295.3325278,352,1450.000
464102.435628175,6833385.1882231,185,2100.000
469396.640220163,6832612.68184894,352,1450.000
463880.691653387,6833302.74355185,185,2100.000
469457.023055855,6832757.63287567,352,1450.000
463814.148916783,6833276.34840922,185,2100.000
469621.510335995,6833061.20667731,352,1450.000
463657.78080085,6833110.50408193,185,2100.000
469722.549942382,6833219.46249432,352,1450.000
463434.843772846,6832918.14541141,185,2100.000
469846.203989597,6833496.12028732,352,1450.000
460833.471146659,6837283.04515216,266,1750.000
463213.69437982,6832895.87942656,185,2100.000
469942.753930478,6833681.70647432,352,1450.000
461053.474598941,6837227.01276941,266,1750.000
463106.231793724,6832819.66298353,185,2100.000
470071.748243839,6834035.5378763,352,1450.000
461274.002418783,6837217.04088339,266,1750.000
463210.891720036,6832632.87428053,185,2100.000
470113.210595066,6834144.39467407,352,1450.000
461496.91739598,6837420.65022404,266,1750.000
463386.362335177,6832352.50153098,185,2100.000
470297.059470448,6834555.91717624,352,1450.000
461569.76506795,6837478.26603824,266,1750.000
463241.645442319,6831889.86020452,185,2100.000
470517.588892372,6834524.56501457,352,1450.000
461719.262190727,6837575.30819067,266,1750.000
463421.678645228,6831675.20012455,185,2100.000
461940.000180822,6837586.30920649,266,1750.000
463642.915260344,6831698.50175929,185,2100.000
462147.74725953,6837471.86900704,266,1750.000
463863.286434129,6831639.4092963,185,2100.000
462159.274705671,6837464.19469526,266,1750.000
464083.043081308,6831520.52860837,185,2100.000
462376.952172755,6837194.38054506,266,1750.000
464303.791847493,6831496.20171537,185,2100.000
462440.032422319,6837004.48723562,266,1750.000
464374.112045773,6831413.81497696,185,2100.000
462544.32597023,6836539.16908118,266,1750.000
464302.587724315,6831379.6943469,185,2100.000
462586.592581433,6836180.78596255,266,1750.000
462976.350199972,6831363.16138769,186,2150.000
462655.323359617,6836073.7821546,266,1750.000
462755.306553946,6831360.25561431,186,2150.000
462803.106348482,6835792.31011716,266,1750.000
462534.532710976,6831382.28988394,186,2150.000
463023.516997457,6835762.63477819,266,1750.000
462454.979634577,6831434.14318062,186,2150.000
463221.533127804,6836067.69601129,266,1750.000
462538.735715132,6831769.76421018,186,2150.000
463247.811928996,6836097.0444051,266,1750.000
462645.793241118,6831896.25404946,186,2150.000
463390.157886793,6836530.08279152,266,1750.000
462543.812306987,6832237.75750932,186,2150.000
463475.535440307,6836759.09879254,266,1750.000
462522.496146644,6832361.77025436,186,2150.000
463557.975922138,6836992.48602135,266,1750.000
462326.201547514,6832544.42129862,186,2150.000
463631.804346525,6837455.88771832,266,1750.000
462217.836767398,6832829.27179808,186,2150.000
462290.912846939,6833292.65412378,186,2150.000
462334.994505404,6833350.19547606,186,2150.000
462557.300488008,6833481.09583383,186,2150.000
462777.269583639,6833396.90054166,186,2150.000
462997.039521123,6833293.15519987,186,2150.000
463222.117076169,6833686.240702,186,2150.000
463226.267546888,6833746.74169115,186,2150.000
463223.013748856,6833770.37874075,186,2150.000
463106.482657818,6834212.20061625,186,2150.000
463008.562946221,6834367.97596115,186,2150.000
462864.697406597,6834678.97557837,186,2150.000
463013.627938684,6834840.37047989,186,2150.000
463235.317386348,6834924.81303967,186,2150.000
463457.738804852,6835079.39860133,186,2150.000
463500.393815199,6835136.37133977,186,2150.000
463540.514805242,6835600.12748194,186,2150.000
463686.43952841,6835832.17536175,186,2150.000
463908.90038978,6835998.02173882,186,2150.000
463976.175769389,6836059.72898217,186,2150.000
464132.418314841,6836267.54714591,186,2150.000
464312.381331824,6836520.41239323,186,2150.000
464357.113735708,6836654.31743365,186,2150.000
464456.602991632,6836983.10209709,186,2150.000
464585.221911984,6837378.02915665,186,2150.000
464614.081239187,6837445.66146515,186,2150.000
465029.787783576,6837704.87103004,186,2150.000
465074.385276785,6837440.96570262,186,2150.000
467508.840968736,6837417.15333163,266,1750.000
465046.064072702,6836977.07390331,186,2150.000
467533.665923796,6836952.74465779,266,1750.000
465088.304615564,6836512.46722302,186,2150.000
467666.728522454,6836609.47074581,266,1750.000
465016.752485385,6836420.35687516,186,2150.000
467725.762358583,6836486.76649197,266,1750.000
464793.840016834,6836202.28095768,186,2150.000
467663.864523339,6836304.11995184,266,1750.000
464593.680595745,6836053.33265156,186,2150.000
467575.198934965,6836024.00528757,266,1750.000
464571.34702137,6836027.77433814,186,2150.000
467487.094118377,6835560.66103893,266,1750.000
464450.796498806,6835590.62373964,186,2150.000
467435.350259015,6835475.45563426,266,1750.000
464341.962396698,6835188.87499212,186,2150.000
467211.541425134,6835152.91312838,266,1750.000
464295.881030622,6835128.04505241,186,2150.000
467178.921230136,6835099.4061066,266,1750.000
464230.558263605,6834664.54293545,186,2150.000
466988.402247889,6834904.68203102,266,1750.000
464333.788619987,6834398.22925008,186,2150.000
466765.59322887,6834694.04639676,266,1750.000
464382.687333099,6834198.79054588,186,2150.000
466701.284943851,6834639.80955483,266,1750.000
464551.393004823,6834085.65046295,186,2150.000
466763.712973434,6834498.87576195,266,1750.000
464771.076291605,6833972.8052294,186,2150.000
466907.797552365,6834173.64839614,266,1750.000
464991.377912344,6833919.51552239,186,2150.000
466980.719788416,6834101.90278212,266,1750.000
465210.996863675,6833797.86495425,186,2150.000
467200.32849921,6833973.3346122,266,1750.000
465243.57462775,6833725.83463534,186,2150.000
467393.288312795,6833704.85336818,266,1750.000
465209.410985934,6833640.55410631,186,2150.000
467195.961598708,6833513.91312885,266,1750.000
464987.618570989,6833548.96119464,186,2150.000
466973.413682819,6833338.40009114,266,1750.000
464767.269325139,6833599.91049177,186,2150.000
466862.084114627,6833245.73987221,266,1750.000
464545.935351074,6833554.40161728,186,2150.000
466750.112206029,6833087.01928382,266,1750.000
464324.573368665,6833506.77872974,186,2150.000
466638.096521148,6832783.72403634,266,1750.000
464103.404976156,6833478.38662134,186,2150.000
466523.919834844,6832540.84067844,266,1750.000
463881.636598557,6833393.04077981,186,2150.000
466446.097898195,6832321.41125942,266,1750.000
463659.828136549,6833304.95690133,186,2150.000
466297.936517806,6832023.25130102,266,1750.000
463610.824008609,6833278.48605008,186,2150.000
466077.14036732,6832040.44751324,266,1750.000
463436.705997768,6833093.95113083,186,2150.000
465856.691537752,6832092.57952443,266,1750.000
463216.63841839,6833172.14543333,186,2150.000
465635.060439889,6832025.27367084,266,1750.000
462996.81401016,6833272.12021262,186,2150.000
465413.390751454,6831955.00663082,266,1750.000
462772.996917494,6833000.72114775,186,2150.000
465349.429014679,6831868.06764218,266,1750.000
462668.525492016,6832824.36860656,186,2150.000
465190.281323937,6831405.49300705,266,1750.000
462577.884239008,6832361.16949053,186,2150.000
465186.859509907,6831403.33798966,266,1750.000
462762.788903953,6832054.13785294,186,2150.000
464964.226887602,6831243.00642134,266,1750.000
462982.918732691,6831975.93810291,186,2150.000
464741.800958426,6831104.96538781,266,1750.000
463012.959148528,6831892.30198434,186,2150.000
464521.419414826,6830948.12265131,266,1750.000
463172.921602795,6831426.41360118,186,2150.000
464519.141151483,6830945.90365433,266,1750.000
462976.350199972,6831363.16138769,186,2150.000
464296.098081673,6830751.75608356,266,1750.000
463860.855633443,6831407.09056509,187,2150.000
464073.737611278,6830625.67136594,266,1750.000
463639.479462998,6831372.1287771,187,2150.000
463852.000463309,6830560.73740487,266,1750.000
463482.984700955,6831423.12151683,187,2150.000
463630.583347438,6830493.20913021,266,1750.000
463641.021466627,6831518.60777597,187,2150.000
463630.179030276,6830488.61757203,266,1750.000
463861.228695126,6831442.74545814,187,2150.000
463610.603848994,6830029.24237874,266,1750.000
463898.864568784,6831418.74963636,187,2150.000
463595.084432292,6829565.22898375,266,1750.000
463860.855633443,6831407.09056509,187,2150.000
470111.613516752,6830895.23428556,188,1950.000
470043.339954921,6830759.77675974,188,1950.000
469822.93321843,6830832.36828276,188,1950.000
469741.646734676,6830898.45495625,188,1950.000
469606.561064294,6831362.44723508,188,1950.000
464625.672598623,6829554.52767362,266,1750.000
469606.21718692,6831363.81145689,188,1950.000
464726.922389654,6829647.17954283,266,1750.000
469606.574847514,6831364.01360278,188,1950.000
464949.80601549,6829821.17087331,266,1750.000
469828.435217074,6831462.2237157,188,1950.000
465172.095610357,6829938.45779501,266,1750.000
470049.70761324,6831494.11071849,188,1950.000
465393.769487824,6829995.78941531,266,1750.000
470270.928193864,6831520.48463438,188,1950.000
465482.350170216,6830010.03959885,266,1750.000
470491.192734404,6831435.38535911,188,1950.000
465615.250447581,6830034.50210024,266,1750.000
470510.869683243,6831355.96937319,188,1950.000
465836.974562622,6830098.34392559,266,1750.000
470490.177219976,6831316.52213566,188,1950.000
466058.374522537,6830130.04746286,266,1750.000
470267.458447032,6831117.37707532,188,1950.000
466279.27865893,6830111.38843929,266,1750.000
470111.613516752,6830895.23428556,188,1950.000
466499.834594642,6830056.59727572,266,1750.000
466609.822892304,6829998.96185013,266,1750.000
466718.543797943,6829809.34342333,266,1750.000
460752.774673795,6831917.24950892,267,1800.000
460772.369374074,6831905.30506183,267,1800.000
460846.153104576,6831916.18951452,267,1800.000
460995.201834566,6832069.2305239,267,1800.000
461175.434689973,6832376.65469615,267,1800.000
461000.361262454,6832525.98759851,267,1800.000
460828.043864677,6832844.7623446,267,1800.000
460783.272069188,6832865.06146808,267,1800.000
469789.806470957,6837860.57441901,189,1050.000
469731.799369442,6837396.91197612,189,1050.000
469656.024306085,6836982.26712593,189,1050.000
469648.958731823,6836933.46920687,189,1050.000
469459.535104045,6836470.97103395,189,1050.000
469430.188945325,6836396.73451782,189,1050.000
469256.202026353,6836008.6069719,189,1050.000
469204.387540118,6835823.40085734,189,1050.000
469127.501188344,6835545.58563356,189,1050.000
469112.852636595,6835081.54577995,189,1050.000
469193.621183056,6834617.81038161,189,1050.000
469415.759974181,6834769.39971237,189,1050.000
469527.27764637,6835077.85955601,189,1050.000
469641.949158747,6835383.3758337,189,1050.000
469689.533537864,6835540.60002074,189,1050.000
469848.800645634,6836003.37404961,189,1050.000
469868.373786659,6836033.28805971,189,1050.000
470090.601515731,6836209.00852541,189,1050.000
470311.781942899,6836265.74963498,189,1050.000
470459.596986267,6836462.25658115,189,1050.000
470536.015259822,6836680.55056,189,1050.000
460832.171990696,6837168.72819192,267,1800.000
461052.064696826,6837102.24743022,267,1800.000
461272.600504329,6837092.27548161,267,1800.000
461495.104286057,6837258.36783117,267,1800.000
461717.533509199,6837419.69295548,267,1800.000
461937.998181582,6837405.04536942,267,1800.000
462157.20300757,6837275.52462769,267,1800.000
462375.57538921,6837068.2586825,267,1800.000
462396.602141731,6837004.96078105,267,1800.000
462508.271135109,6836539.56101001,267,1800.000
462529.819789244,6836075.14377306,267,1800.000
462485.811219812,6835611.43957556,267,1800.000
462579.822270911,6835556.85866774,267,1800.000
462800.134283944,6835516.78514893,267,1800.000
463021.184518538,6835545.11175601,267,1800.000
463077.012479409,6835605.05898377,267,1800.000
463245.75471719,6835904.04587266,267,1800.000
463305.294772532,6836066.80356006,267,1800.000
463468.404706245,6836529.25271916,267,1800.000
463473.237397071,6836542.21594047,267,1800.000
463632.011626296,6836991.70404547,267,1800.000
463699.472051743,6837455.1742652,267,1800.000
463703.873168902,6837487.5126647,267,1800.000
467322.180766721,6837418.91824713,267,1800.000
467341.245340872,6836954.56249747,267,1800.000
467446.678223013,6836675.06034776,267,1800.000
467514.151008512,6836488.75407992,267,1800.000
467442.587434812,6836241.86953989,267,1800.000
467379.961200958,6836025.84682802,267,1800.000
467264.990891888,6835562.76215862,267,1800.000
467214.738718373,6835489.24075013,267,1800.000
466990.505125113,6835124.41286362,267,1800.000
466977.03822346,6835101.3330565,267,1800.000
466767.625717397,6834905.01521333,267,1800.000
466545.219708585,6834737.3556547,267,1800.000
466436.883763889,6834642.37180207,267,1800.000
466541.973602401,6834402.63257044,267,1800.000
466641.238828834,6834176.2152303,267,1800.000
466759.610779095,6834073.05654515,267,1800.000
466978.453737567,6833865.101198,267,1800.000
467197.9818464,6833726.45630065,267,1800.000
467212.275165365,6833706.56842448,267,1800.000
467197.658373239,6833692.42508118,267,1800.000
466975.548902105,6833561.53988983,267,1800.000
466752.947912594,6833381.3997265,267,1800.000
466626.061177117,6833248.01395359,267,1800.000
466527.591979953,6832919.55381569,267,1800.000
466489.469554779,6832785.16357144,267,1800.000
466343.817920885,6832322.40672754,267,1800.000
466299.995537317,6832234.2191949,267,1800.000
466078.285977412,6832157.06287535,267,1800.000
465857.938615879,6832218.7015264,267,1800.000
465637.051359073,6832225.3291618,267,1800.000
465415.583489736,6832173.93516431,267,1800.000
465191.717417974,6831869.65370223,267,1800.000
465191.554937572,6831869.18217451,267,1800.000
465053.200152973,6831406.87726097,267,1800.000
464965.245867388,6831343.46694024,267,1800.000
464742.637941011,6831186.96667632,267,1800.000
464519.920104239,6831021.74523738,267,1800.000
464424.993433979,6830949.114302,267,1800.000
464296.983056828,6830837.38830603,267,1800.000
464074.755798846,6830723.58831825,267,1800.000
463853.179074529,6830673.38937056,267,1800.000
463631.638405458,6830627.25789477,267,1800.000
463409.968765866,6830569.53773934,267,1800.000
463229.076778966,6830497.45879188,267,1800.000
463406.61057027,6830252.43334075,267,1800.000
463463.22256451,6830030.79746656,267,1800.000
463413.85360812,6829567.14260305,267,1800.000
464725.857052352,6829542.79205607,267,1800.000
464737.021469221,6829553.38985758,267,1800.000
464948.971427901,6829738.87890872,267,1800.000
465171.423565332,6829871.77288557,267,1800.000
465393.137997914,6829932.72865201,267,1800.000
465614.565542663,6829965.66773921,267,1800.000
465743.61813071,6830007.4398173,267,1800.000
465836.352825039,6830035.45399325,267,1800.000
466057.780936006,6830069.61413878,267,1800.000
466278.64433896,6830046.38450047,267,1800.000
466445.246105313,6830000.55593433,267,1800.000
466498.914114616,6829961.64509082,267,1800.000
466716.215927661,6829567.60993583,267,1800.000
460967.899767808,6829651.92189759,199,2150.000
460748.106957782,6829769.22208237,199,2150.000
460759.952543481,6830812.16541442,199,2150.000
460979.347665418,6830665.57213917,199,2150.000
461089.021225928,6830520.89696309,199,2150.000
461142.540505087,6830056.11286716,199,2150.000
460967.899767808,6829651.92189759,199,2150.000
460971.175716148,6829941.99853117,200,2200.000
460750.910815,6830016.09571652,200,2200.000
460721.719473148,6830060.87038309,200,2200.000
460717.564675471,6830525.10022781,200,2200.000
460757.619967417,6830606.80128806,200,2200.000
460978.22279707,6830565.97490561,200,2200.000
461011.734161866,6830521.76822428,200,2200.000
461021.073079197,6830057.48083329,200,2200.000
460971.175716148,6829941.99853117,200,2200.000
469173.395581837,6829975.1431862,357,1500.000
469152.679748011,6830032.16489102,357,1500.000
469017.557561341,6830440.70477928,357,1500.000
468937.745512306,6830716.68397752,357,1500.000
468879.939813693,6830906.10999664,357,1500.000
468876.698893182,6831370.30796052,357,1500.000
468945.294047727,6831556.22569484,357,1500.000
469045.315450284,6831832.96150027,357,1500.000
469170.642094174,6832044.25664008,357,1500.000
469326.577198265,6832294.62050353,357,1500.000
469395.10506167,6832439.49813044,357,1500.000
469527.372212807,6832757.01118609,357,1500.000
469620.343281367,6832928.59729521,357,1500.000
469805.582558765,6833218.73513167,357,1500.000
469844.542049692,6833305.90173416,357,1500.000
470039.612328122,6833680.86422585,357,1500.000
470069.380240768,6833762.51801945,357,1500.000
470214.498443949,6834143.51882474,357,1500.000
470295.061425845,6834323.85004209,357,1500.000
470515.565231815,6834287.76173425,357,1500.000
469714.782772375,6837861.2330236,201,1100.000
469660.987950033,6837546.06953338,201,1100.000
469629.768570855,6837397.80962742,201,1100.000
469566.015483054,6836934.20056591,201,1100.000
469432.162223481,6836619.26827725,201,1100.000
469363.37533637,6836471.82425179,201,1100.000
469207.13642995,6836131.19516509,201,1100.000
469160.385945356,6836009.46263856,201,1100.000
469003.502338395,6835546.69792312,201,1100.000
468979.790989655,6835392.18735027,201,1100.000
468926.711002815,6835083.2176776,201,1100.000
468973.053177075,6834643.05959418,201,1100.000
468977.1666886,6834618.59255773,201,1100.000
468972.672920473,6834600.78024857,201,1100.000
468837.226443332,6834155.68296062,201,1100.000
468745.618894878,6833909.92081173,201,1100.000
468649.004105168,6833693.21717881,201,1100.000
468519.787929624,6833362.84288685,201,1100.000
468472.080259134,6833230.65813869,201,1100.000
468515.756271403,6832920.81243109,201,1100.000
468738.690232012,6833144.92052552,201,1100.000
468789.317764908,6833227.77497263,201,1100.000
468963.093726346,6833535.65469103,201,1100.000
469040.200520612,6833689.68548009,201,1100.000
469187.087038774,6833886.07286448,201,1100.000
469294.774285079,6834151.58088875,201,1100.000
469412.361557794,6834386.08538597,201,1100.000
469494.450489779,6834613.97959093,201,1100.000
469638.411736481,6834981.50210466,201,1100.000
469666.616645049,6835076.631351,201,1100.000
469817.858090029,6835539.47453925,201,1100.000
469865.251759559,6835676.02828878,201,1100.000
470034.595276866,6836001.75436982,201,1100.000
470089.193692069,6836046.72352156,201,1100.000
470310.044255493,6836063.95167126,201,1100.000
470532.822512159,6836307.00980004,201,1100.000
462822.962398231,6837632.89877845,274,1350.000
463044.404832974,6837710.42061114,274,1350.000
469238.160624118,6837865.45526581,274,1350.000
469222.327141746,6837831.96097692,274,1350.000
468998.017384277,6837418.40824778,274,1350.000
468995.347073225,6837403.45896394,274,1350.000
468978.416304535,6836939.43893163,274,1350.000
468914.185488358,6836475.84540908,274,1350.000
468769.466737117,6836012.98126,274,1350.000
468764.552375475,6836000.1321091,274,1350.000
468579.407112058,6835550.53582954,274,1350.000
468538.907372281,6835458.87095431,274,1350.000
468376.369377685,6835088.21952833,274,1350.000
468312.846835081,6834879.92508222,274,1350.000
468217.985801582,6834625.50314852,274,1350.000
468277.503368968,6834160.78358639,274,1350.000
468140.291451809,6833697.87614141,274,1350.000
468080.028636372,6833578.38863841,274,1350.000
467864.221332245,6833236.26404121,274,1350.000
467855.69939098,6833206.20237556,274,1350.000
467692.612911035,6832773.6942338,274,1350.000
467629.328585182,6832621.38343302,274,1350.000
467405.825396798,6832348.27024223,274,1350.000
467367.880805022,6832312.57646313,274,1350.000
467182.690031162,6832117.56302947,274,1350.000
467010.430041014,6831851.80086342,274,1350.000
466958.386779292,6831767.90345795,274,1350.000
466734.067274413,6831421.22427131,274,1350.000
466699.77167988,6831390.60992343,274,1350.000
466510.743857921,6831181.88497898,274,1350.000
466288.262199807,6831031.96668832,274,1350.000
466154.663132543,6830931.73519536,274,1350.000
466286.628714467,6830864.58245369,274,1350.000
466506.898720998,6830785.27233162,274,1350.000
466727.220142742,6830710.27918261,274,1350.000
466947.538080321,6830633.95090559,274,1350.000
467167.158523014,6830483.22670234,274,1350.000
467182.030967416,6830457.65137684,274,1350.000
467320.864211768,6829992.1648226,274,1350.000
468797.619269344,6829978.51563908,274,1350.000
468712.408988335,6830242.73297108,274,1350.000
468657.182552473,6830443.95502484,274,1350.000
468593.111274152,6830908.7057448,274,1350.000
468645.963459172,6831372.39478133,274,1350.000
468724.819014466,6831613.23731578,274,1350.000
468804.916757243,6831835.12469289,274,1350.000
468950.265511831,6832109.11513165,274,1350.000
469067.314366295,6832296.93343476,274,1350.000
461188.100313567,6829569.6269278,205,2100.000
469174.694168361,6832498.11127222,274,1350.000
469297.836137318,6832759.04493493,274,1350.000
460745.878075384,6829572.97006817,205,2100.000
469399.823675601,6832971.80452939,274,1350.000
469541.108342395,6833221.05886798,274,1350.000
469624.788891636,6833433.732467,274,1350.000
469732.907304511,6833683.54055666,274,1350.000
469850.590311813,6833998.14532035,274,1350.000
469902.843582661,6834146.22324665,274,1350.000
469984.355028212,6834609.68230464,274,1350.000
460762.282296094,6831017.277394,205,2100.000
470078.536089306,6834818.11028719,274,1350.000
460775.069423472,6830988.62971231,205,2100.000
470240.665472183,6835071.63076109,274,1350.000
460980.472543399,6830765.16938565,205,2100.000
470301.982002518,6835127.63568865,274,1350.000
461166.308303763,6830520.02743081,205,2100.000
470522.729175196,6835126.04567674,274,1350.000
461196.579795699,6830324.73098642,205,2100.000
461339.262594546,6830053.90644101,205,2100.000
461273.38364401,6829590.46285584,205,2100.000
461188.100313567,6829569.6269278,205,2100.000
465368.544996995,6829547.0045222,206,2100.000
465389.34913039,6829554.3641813,206,2100.000
465610.549895103,6829562.07877631,206,2100.000
465831.511409389,6829545.72418077,206,2100.000
465838.848608387,6829542.32425224,206,2100.000
469261.825352851,6829974.3555016,361,1550.000
469154.793562597,6830268.96628573,361,1550.000
469098.230797991,6830439.98233147,361,1550.000
468960.294293558,6830905.3870734,361,1550.000
468951.088077332,6831369.63845481,361,1550.000
469121.507032325,6831832.27939416,361,1550.000
469169.471549566,6831913.14594947,361,1550.000
469393.651799351,6832275.55091312,361,1550.000
469404.658540845,6832293.92774023,361,1550.000
469597.721378716,6832756.39093014,361,1550.000
469619.176240038,6832795.98793614,361,1550.000
469843.26354483,6833159.5674372,361,1550.000
469880.588699533,6833218.07979794,361,1550.000
470067.841068552,6833585.05516484,361,1550.000
470133.621965346,6833680.0493492,361,1550.000
470293.040286505,6834089.09588656,361,1550.000
470513.80818819,6834082.15339897,361,1550.000
460838.595709852,6837733.96137532,275,1500.000
461059.475514967,6837758.03231771,275,1500.000
461281.217525667,6837859.13894235,275,1500.000
462590.116155998,6837467.03842442,275,1500.000
462600.097722471,6837425.27258568,275,1500.000
462743.290619852,6837001.19588998,275,1500.000
462814.72554547,6836869.40512768,275,1500.000
463035.610157245,6836890.35820497,275,1500.000
469640.239235546,6837861.88903107,211,1150.000
463104.113937334,6836997.31453839,275,1500.000
469536.294282864,6837398.6346515,211,1150.000
463261.472978579,6837378.58393622,275,1500.000
469483.072246777,6836934.93392094,211,1150.000
463282.393081817,6837459.59287596,275,1500.000
469433.936234898,6836819.32642926,211,1150.000
469272.194081658,6836472.63577342,211,1150.000
469208.954518677,6836334.76289703,211,1150.000
469084.286542866,6836010.1441266,211,1150.000
468982.797304862,6835726.42208945,211,1150.000
468914.642591764,6835547.49775189,211,1150.000
468786.997347502,6835084.47916592,211,1150.000
468779.653344537,6834620.37438091,211,1150.000
468751.320478326,6834539.40096032,211,1150.000
468655.616393796,6834157.32797881,211,1150.000
468524.48288248,6833877.57604236,211,1150.000
468460.894986545,6833694.93120712,211,1150.000
468298.591174016,6833327.95256806,211,1150.000
468249.17019497,6833232.70146721,211,1150.000
468162.19237165,6832769.33159808,211,1150.000
468069.821941937,6832474.80319067,211,1150.000
468029.839263066,6832306.38377573,211,1150.000
467843.47132402,6831893.0909384,211,1150.000
467804.771491435,6831844.30400918,211,1150.000
467617.806113052,6831392.43038237,211,1150.000
467611.207668661,6831381.94291196,211,1150.000
467606.658518146,6830917.8147783,211,1150.000
467613.200523188,6830901.17591803,211,1150.000
467807.944501038,6830451.76302448,211,1150.000
467829.238668339,6830364.53282267,211,1150.000
467858.880764538,6830451.28882535,211,1150.000
468027.758037549,6830913.89183007,211,1150.000
468055.728202799,6830950.76667388,211,1150.000
468200.861554079,6831376.46392869,211,1150.000
468282.200843999,6831543.33294672,211,1150.000
468365.590262239,6831839.12114816,211,1150.000
468508.701237994,6832147.25974869,211,1150.000
468580.247339993,6832301.33129394,211,1150.000
468734.000886125,6832627.1372682,211,1150.000
468808.873248241,6832763.42816012,211,1150.000
468958.56078916,6833031.59687119,211,1150.000
469057.642088659,6833225.35910939,211,1150.000
469183.45690853,6833479.52684173,211,1150.000
469259.854276796,6833687.72190045,211,1150.000
469409.319277839,6834042.92987399,211,1150.000
469443.920243931,6834150.25685808,211,1150.000
469615.756843838,6834612.9090492,211,1150.000
469635.613563541,6834663.60214038,211,1150.000
468412.275152488,6837872.92763379,275,1500.000
469757.834794117,6835075.83035664,211,1150.000
468501.534987183,6837407.93705547,275,1500.000
469862.580082017,6835370.29434666,211,1150.000
468555.961698986,6837328.1909417,275,1500.000
469960.808160256,6835538.22640624,211,1150.000
468635.79859577,6836942.53955792,275,1500.000
470086.917081586,6835784.28555973,211,1150.000
468610.275620271,6836478.59921501,275,1500.000
470308.087333049,6835836.68978088,211,1150.000
468546.277680143,6836266.7645749,275,1500.000
470529.852919164,6835997.48583686,211,1150.000
468454.588481278,6836015.8476754,275,1500.000
470530.179627837,6835997.79228454,211,1150.000
468320.584931417,6835722.26393006,275,1500.000
468246.353883341,6835553.58640393,275,1500.000
468094.375937068,6835129.49753107,275,1500.000
468082.86930519,6835090.92294707,275,1500.000
467897.086194788,6834628.47443839,275,1500.000
468040.488832497,6834162.97081184,275,1500.000
467906.794375568,6833700.03969825,275,1500.000
467859.602924863,6833625.35278946,275,1500.000
467636.126247943,6833346.34224259,275,1500.000
467577.49694842,6833238.94548096,275,1500.000
467411.587962619,6832958.6890169,275,1500.000
467247.876604427,6832777.88496396,275,1500.000
467188.297683051,6832707.58469799,275,1500.000
466964.652594963,6832422.78379854,275,1500.000
466897.357406032,6832317.05542777,275,1500.000
466739.716684059,6832007.77636719,275,1500.000
466674.631378561,6831855.02502344,275,1500.000
466515.169965149,6831638.40622542,275,1500.000
466292.988688209,6831516.27946153,275,1500.000
466071.976277353,6831514.76377685,275,1500.000
465857.078223774,6831398.83725586,275,1500.000
465849.743743943,6831389.896681,275,1500.000
465625.900958368,6831104.8488259,275,1500.000
465411.557114293,6830939.09553962,275,1500.000
465403.069425391,6830924.4448384,275,1500.000
465180.360857481,6830758.5614108,275,1500.000
464957.842103228,6830613.51545015,275,1500.000
464771.528704479,6830481.38773672,275,1500.000
464955.367317706,6830369.51147536,275,1500.000
465176.420920882,6830367.63571023,275,1500.000
465397.620678897,6830380.36316733,275,1500.000
465618.81385293,6830392.62523298,275,1500.000
465840.083300986,6830412.79366485,275,1500.000
466061.342501475,6830432.21415487,275,1500.000
466282.450311981,6830436.40821624,275,1500.000
466503.349762112,6830419.19760793,275,1500.000
466723.973700022,6830373.1825639,275,1500.000
466943.652989584,6830227.83807481,275,1500.000
467079.178798566,6829994.45874163,275,1500.000
465009.253610831,6829550.62316699,218,1950.000
465169.407453388,6829671.71819209,218,1950.000
465391.243548736,6829743.54639328,218,1950.000
465612.557701456,6829763.87323116,218,1950.000
465833.978219548,6829795.2550734,218,1950.000
466054.812039306,6829767.34472478,218,1950.000
466274.970051578,6829669.84327465,218,1950.000
465095.621708196,6829549.74989039,220,2000.000
465168.735423783,6829605.03330588,220,2000.000
465390.612072528,6829680.48565076,220,2000.000
465611.888428799,6829696.60840696,220,2000.000
465833.155943611,6829712.07810015,220,2000.000
466053.599648356,6829643.9065094,220,2000.000
460837.722400961,6837657.11913329,276,1550.000
461058.422285675,6837664.83404629,276,1550.000
461279.744246685,6837728.02942819,276,1550.000
462515.590420043,6837467.84825302,276,1550.000
462596.868929793,6837127.75414172,276,1550.000
462639.221770834,6837002.32237067,276,1550.000
462812.706597277,6836682.25645856,276,1550.000
465195.808720446,6829548.73959341,221,2050.000
463033.619240418,6836704.70662879,276,1550.000
465389.980599746,6829617.42491343,221,2050.000
463220.232984563,6836996.0734888,276,1550.000
465611.219160014,6829629.34358868,221,2050.000
463258.38062335,6837088.50304215,276,1550.000
465832.333673558,6829628.90113594,221,2050.000
463354.015338953,6837458.83050638,276,1550.000
466023.10088009,6829540.50809715,221,2050.000
469350.255138101,6829973.57007989,367,1600.000
469174.846230177,6830439.29796626,367,1600.000
469156.852615978,6830499.62845563,367,1600.000
469029.795849266,6830904.76329798,367,1600.000
469004.453265251,6831369.15915294,367,1600.000
469168.280100343,6831779.6922746,367,1600.000
469194.660367461,6831831.62606992,367,1600.000
469392.62838747,6832160.09514739,367,1600.000
469472.427262251,6832293.32790533,367,1600.000
469617.804983469,6832640.17196865,367,1600.000
469664.038846225,6832755.80753375,367,1600.000
469842.311659791,6833050.61600765,367,1600.000
469948.757470891,6833217.48561674,367,1600.000
470066.657105892,6833448.54530475,367,1600.000
468172.050866775,6837410.96431373,276,1550.000
470226.410713581,6833679.24756671,367,1600.000
468333.66096788,6837145.53374215,276,1550.000
470290.937167087,6833844.81484401,367,1600.000
468459.553752663,6836944.14780752,276,1550.000
470512.486108868,6833927.44200383,367,1600.000
468471.319387357,6836479.86725961,276,1550.000
468323.57119611,6836047.32096425,276,1550.000
468313.411559827,6836017.14218153,276,1550.000
468111.769988724,6835554.82824013,276,1550.000
468097.953807568,6835516.27495908,276,1550.000
467971.380804576,6835091.95640954,276,1550.000
467870.922637763,6834840.74747901,276,1550.000
467737.194042713,6834629.96606292,276,1550.000
467866.870751353,6834405.71182374,276,1550.000
467942.786784581,6834163.87716855,276,1550.000
467861.836343704,6833865.16429536,276,1550.000
467791.874387917,6833701.11033534,276,1550.000
467637.81312771,6833526.23812415,276,1550.000
467481.468322345,6833239.84886334,276,1550.000
467413.152856038,6833124.45006539,276,1550.000
467189.830509825,6832868.85937714,276,1550.000
467116.148509228,6832779.13723128,276,1550.000
466966.194572355,6832583.94012043,276,1550.000
466796.936974684,6832318.01964452,276,1550.000
466741.660354151,6832209.57191699,276,1550.000
466590.936471312,6831855.83370127,276,1550.000
466516.294959823,6831754.43855294,276,1550.000
466293.78057986,6831597.42089854,276,1550.000
466072.958889181,6831614.79153923,276,1550.000
465851.235849044,6831540.80805997,276,1550.000
465729.296187792,6831400.10276313,276,1550.000
465627.538745604,6831269.43328346,276,1550.000
465404.429554395,6831060.25588371,276,1550.000
465182.446351396,6830965.48162631,276,1550.000
465142.991596459,6830941.79496652,276,1550.000
464959.499654124,6830776.94053287,276,1550.000
464736.812202857,6830616.19264833,276,1550.000
464514.535507092,6830497.47194474,276,1550.000
464488.392318643,6830484.28617612,276,1550.000
464513.624357409,6830408.755216,276,1550.000
464732.51429418,6830195.08932686,276,1550.000
464954.00683056,6830235.37072481,276,1550.000
465175.500133267,6830276.27208378,276,1550.000
465396.843435322,6830302.74988193,276,1550.000
465618.101163079,6830321.00059303,276,1550.000
465839.461546587,6830349.90370666,276,1550.000
466060.748899516,6830371.78080693,276,1550.000
466281.815974278,6830371.40424981,276,1550.000
466502.646719848,6830346.67752774,276,1550.000
466723.117260647,6830284.25198629,276,1550.000
466942.282619584,6830084.58845051,276,1550.000
466994.150522642,6829995.26979386,276,1550.000
460764.594492394,6831220.84018915,228,2050.000
460868.718232451,6830987.56762605,228,2050.000
460981.597431016,6830864.76664503,228,2050.000
461199.931596223,6830623.1979449,228,2050.000
461341.217599068,6830518.06596647,228,2050.000
461418.184156813,6830371.58013437,228,2050.000
461636.201291373,6830095.88312339,228,2050.000
461674.145733194,6830050.17616843,228,2050.000
461735.278064522,6829585.31837711,228,2050.000
460836.849097825,6837580.27689894,277,1600.000
461057.369064802,6837571.63578616,277,1600.000
461278.27098427,6837596.91993638,277,1600.000
461501.481571616,6837829.15688824,277,1600.000
462441.064696516,6837468.65969338,277,1600.000
462570.323289424,6837003.06988295,277,1600.000
462594.242718682,6836885.75531148,277,1600.000
462786.109026047,6836536.55055823,277,1600.000
462810.672876242,6836493.73541197,277,1600.000
463031.604976291,6836516.87496969,277,1600.000
463045.160706266,6836533.76383533,277,1600.000
463255.638799415,6836831.29807438,277,1600.000
463315.093335879,6836995.06255014,277,1600.000
463425.637607311,6837458.06962541,277,1600.000
467960.680995125,6837412.92294127,277,1600.000
468112.473648408,6837085.77905535,277,1600.000
468194.541485237,6836946.58303257,277,1600.000
468301.377398233,6836481.42567902,277,1600.000
468148.71909715,6836018.65961638,277,1600.000
468101.586377282,6835908.95258181,277,1600.000
467975.690752486,6835556.08921479,277,1600.000
467873.888526031,6835159.17349436,277,1600.000
467852.5758972,6835093.06165927,277,1600.000
467649.482171736,6834770.59860217,277,1600.000
467494.853956831,6834632.24096873,277,1600.000
467646.776086854,6834482.03949059,277,1600.000
467829.576497863,6834164.93085162,277,1600.000
467639.546892414,6833711.13115762,277,1600.000
467637.932710568,6833702.55051018,277,1600.000
467414.664286916,6833284.54589696,277,1600.000
467377.023724555,6833240.83445182,277,1600.000
467191.262770872,6833019.55115515,277,1600.000
466994.777444141,6832780.29548961,277,1600.000
466967.736571103,6832745.09647627,277,1600.000
466743.483050448,6832398.80460422,277,1600.000
466705.347651543,6832318.90161366,277,1600.000
466517.511857453,6831879.94849878,277,1600.000
466505.953964316,6831856.65689582,277,1600.000
466294.572477035,6831678.56234416,277,1600.000
466073.941509459,6831714.81931468,277,1600.000
465852.69732488,6831688.61972854,277,1600.000
465629.233879799,6831439.7782343,277,1600.000
465605.829845956,6831401.3300204,277,1600.000
465405.692660117,6831186.37760125,277,1600.000
465183.549625447,6831074.94569368,277,1600.000
464964.75510911,6830943.59799872,277,1600.000
464961.157228314,6830940.36565046,277,1600.000
464738.445698797,6830776.23644848,277,1600.000
464515.686901539,6830609.57984753,277,1600.000
464293.443195308,6830494.85947358,277,1600.000
464280.352195061,6830486.43065144,277,1600.000
464288.605845258,6830026.76524496,277,1600.000
464289.138599868,6830022.16394012,277,1600.000
464508.849964972,6829943.87176394,277,1600.000
464730.181639109,6829966.53262644,277,1600.000
464825.448488421,6830016.66346292,277,1600.000
464952.646359111,6830101.22999777,277,1600.000
465174.579352887,6830184.90846822,277,1600.000
465396.066196936,6830225.13660441,277,1600.000
465617.388477619,6830249.37595978,277,1600.000
465838.839795551,6830287.01375364,277,1600.000
466060.155300643,6830311.34746375,277,1600.000
466281.181640121,6830306.40028889,277,1600.000
466501.943681969,6830274.15745442,277,1600.000
466722.260827823,6830195.32141901,277,1600.000
466909.12226085,6829996.08293825,277,1600.000
466940.440546469,6829892.02729194,277,1600.000
469566.716030749,6837862.53763916,233,1200.000
469442.82001076,6837399.46221104,233,1200.000
469438.72313242,6837359.13577369,233,1200.000
469375.565070708,6836935.88743207,233,1200.000
469211.099406105,6836574.91711844,233,1200.000
469181.718761395,6836473.44339611,233,1200.000
469008.187151048,6836010.82729425,233,1200.000
468984.766553715,6835945.35322052,233,1200.000
468833.496314263,6835548.23015185,233,1200.000
468758.212336218,6835300.24796746,233,1200.000
468666.581669931,6835085.57095202,233,1200.000
468612.447070747,6834621.89163502,233,1200.000
468527.629248177,6834222.51664317,233,1200.000
468520.502875056,6834158.55803469,233,1200.000
468357.700357154,6833695.87586033,233,1200.000
468300.788623895,6833567.19585183,233,1200.000
468127.815185086,6833233.81993326,233,1200.000
468074.749687215,6833007.6220516,233,1200.000
468023.956432854,6832770.60924673,233,1200.000
467909.771095195,6832307.49760259,233,1200.000
467846.013633989,6832166.10900797,233,1200.000
467622.363295511,6831878.50136796,233,1200.000
467589.150498533,6831846.32093328,233,1200.000
467398.029231822,6831522.38557649,233,1200.000
467307.276453572,6831384.80631827,233,1200.000
467259.733046472,6830921.08529178,233,1200.000
467391.005058607,6830778.23219661,233,1200.000
467529.567096706,6830454.36788987,233,1200.000
467605.554036861,6830085.51961014,233,1200.000
467635.501357492,6829989.20382183,233,1200.000
468192.386864669,6829984.03328767,233,1200.000
468165.426371135,6830448.45085049,233,1200.000
468211.395157188,6830912.19714781,233,1200.000
468277.894955029,6831074.45239965,233,1200.000
468370.51270515,6831374.90620272,233,1200.000
468505.217988217,6831765.31840052,233,1200.000
468525.432927259,6831837.6606264,233,1200.000
468730.770428238,6832270.42677127,233,1200.000
468746.818317222,6832299.81954835,233,1200.000
468955.580826521,6832700.21646584,233,1200.000
468989.036744687,6832761.80505637,233,1200.000
469180.451293664,6833142.91104549,233,1200.000
469219.104165713,6833223.91543582,233,1200.000
469397.87732853,6833686.49520615,233,1200.000
469406.337610065,6833706.60147903,233,1200.000
469549.066551599,6834149.32730555,233,1200.000
469633.047602461,6834372.07621534,233,1200.000
469703.852230537,6834612.13427176,233,1200.000
469849.052958168,6835075.03177471,233,1200.000
469860.275665353,6835106.58162721,233,1200.000
470084.440970018,6835498.84335292,233,1200.000
470175.067135311,6835536.36675471,233,1200.000
470306.027267364,6835597.44491259,233,1200.000
470527.384247755,6835670.7239677,233,1200.000
469459.349587456,6829972.60423539,372,1650.000
469374.333982529,6830096.02939443,372,1650.000
469241.027286788,6830438.7081735,372,1650.000
469158.770782303,6830714.50392375,372,1650.000
469099.297413843,6830904.14092087,372,1650.000
469057.818458405,6831368.6806756,372,1650.000
